"date","word"
2022-02-01,"jawed"
2022-02-02,"cloth"
2022-02-03,"reach"
2022-02-04,"slobs"
2022-02-05,"psalm"
2022-02-06,"backs"
2022-02-07,"faxes"
2022-02-08,"sense"
2022-02-09,"thong"
2022-02-10,"borax"
2022-02-11,"seers"
2022-02-12,"buggy"
2022-02-13,"peals"
2022-02-14,"defog"
2022-02-15,"pinko"
2022-02-16,"juror"
2022-02-17,"prove"
2022-02-18,"chess"
2022-02-19,"snowy"
2022-02-20,"homos"
2022-02-21,"wiper"
2022-02-22,"crave"
2022-02-23,"shirt"
2022-02-24,"awake"
2022-02-25,"polls"
2022-02-26,"chink"
2022-02-27,"lorry"
2022-02-28,"warps"
2022-03-01,"scare"
2022-03-02,"sized"
2022-03-03,"renal"
2022-03-04,"riser"
2022-03-05,"shams"
2022-03-06,"milks"
2022-03-07,"agent"
2022-03-08,"bodge"
2022-03-09,"bunks"
2022-03-10,"dried"
2022-03-11,"masts"
2022-03-12,"genre"
2022-03-13,"pekoe"
2022-03-14,"cloak"
2022-03-15,"echos"
2022-03-16,"pacer"
2022-03-17,"sowed"
2022-03-18,"times"
2022-03-19,"shows"
2022-03-20,"debut"
2022-03-21,"slate"
2022-03-22,"scoot"
2022-03-23,"dosed"
2022-03-24,"holly"
2022-03-25,"utter"
2022-03-26,"colts"
2022-03-27,"angry"
2022-03-28,"ardor"
2022-03-29,"rooks"
2022-03-30,"stiff"
2022-03-31,"games"
2022-04-01,"await"
2022-04-02,"enact"
2022-04-03,"bulky"
2022-04-04,"filer"
2022-04-05,"fends"
2022-04-06,"baggy"
2022-04-07,"topic"
2022-04-08,"mamma"
2022-04-09,"emery"
2022-04-10,"slaps"
2022-04-11,"orate"
2022-04-12,"boner"
2022-04-13,"brunt"
2022-04-14,"sales"
2022-04-15,"brook"
2022-04-16,"huffs"
2022-04-17,"cubit"
2022-04-18,"rowdy"
2022-04-19,"table"
2022-04-20,"ponds"
2022-04-21,"ascot"
2022-04-22,"sweet"
2022-04-23,"crags"
2022-04-24,"smoke"
2022-04-25,"stake"
2022-04-26,"raids"
2022-04-27,"heirs"
2022-04-28,"heals"
2022-04-29,"putts"
2022-04-30,"bunny"
2022-05-01,"focus"
2022-05-02,"laves"
2022-05-03,"bezel"
2022-05-04,"tuple"
2022-05-05,"metal"
2022-05-06,"blowy"
2022-05-07,"edged"
2022-05-08,"drags"
2022-05-09,"lobby"
2022-05-10,"fount"
2022-05-11,"stomp"
2022-05-12,"leads"
2022-05-13,"plate"
2022-05-14,"local"
2022-05-15,"swami"
2022-05-16,"moons"
2022-05-17,"fores"
2022-05-18,"hyper"
2022-05-19,"phase"
2022-05-20,"plans"
2022-05-21,"mucus"
2022-05-22,"pubis"
2022-05-23,"pulse"
2022-05-24,"potty"
2022-05-25,"chest"
2022-05-26,"sword"
2022-05-27,"pudgy"
2022-05-28,"gaffe"
2022-05-29,"pesos"
2022-05-30,"brads"
2022-05-31,"beefs"
2022-06-01,"tunes"
2022-06-02,"malty"
2022-06-03,"motet"
2022-06-04,"south"
2022-06-05,"lames"
2022-06-06,"caulk"
2022-06-07,"rerun"
2022-06-08,"cleat"
2022-06-09,"truly"
2022-06-10,"spool"
2022-06-11,"codex"
2022-06-12,"rooms"
2022-06-13,"squat"
2022-06-14,"vexed"
2022-06-15,"braes"
2022-06-16,"velar"
2022-06-17,"scarp"
2022-06-18,"skits"
2022-06-19,"maids"
2022-06-20,"homes"
2022-06-21,"wipes"
2022-06-22,"quays"
2022-06-23,"rawer"
2022-06-24,"foray"
2022-06-25,"hoops"
2022-06-26,"friar"
2022-06-27,"gulfs"
2022-06-28,"comas"
2022-06-29,"trite"
2022-06-30,"fudge"
2022-07-01,"semis"
2022-07-02,"snarl"
2022-07-03,"plush"
2022-07-04,"yawls"
2022-07-05,"didst"
2022-07-06,"brawn"
2022-07-07,"ducky"
2022-07-08,"alloy"
2022-07-09,"skoal"
2022-07-10,"gutty"
2022-07-11,"stave"
2022-07-12,"micks"
2022-07-13,"drool"
2022-07-14,"bliss"
2022-07-15,"warts"
2022-07-16,"showy"
2022-07-17,"spews"
2022-07-18,"ovens"
2022-07-19,"skier"
2022-07-20,"mouth"
2022-07-21,"bowed"
2022-07-22,"claim"
2022-07-23,"privy"
2022-07-24,"whiny"
2022-07-25,"sulky"
2022-07-26,"pears"
2022-07-27,"clubs"
2022-07-28,"mower"
2022-07-29,"girly"
2022-07-30,"mauls"
2022-07-31,"whisk"
2022-08-01,"wrest"
2022-08-02,"whelm"
2022-08-03,"klutz"
2022-08-04,"payed"
2022-08-05,"toner"
2022-08-06,"beach"
2022-08-07,"odder"
2022-08-08,"bards"
2022-08-09,"hasty"
2022-08-10,"quids"
2022-08-11,"magus"
2022-08-12,"pasta"
2022-08-13,"chili"
2022-08-14,"mamas"
2022-08-15,"honks"
2022-08-16,"cribs"
2022-08-17,"eater"
2022-08-18,"blitz"
2022-08-19,"hides"
2022-08-20,"weeds"
2022-08-21,"shore"
2022-08-22,"adieu"
2022-08-23,"shied"
2022-08-24,"prank"
2022-08-25,"hater"
2022-08-26,"women"
2022-08-27,"lazed"
2022-08-28,"molly"
2022-08-29,"ships"
2022-08-30,"scent"
2022-08-31,"death"
2022-09-01,"cycle"
2022-09-02,"scale"
2022-09-03,"large"
2022-09-04,"flume"
2022-09-05,"naive"
2022-09-06,"fixer"
2022-09-07,"riles"
2022-09-08,"fluky"
2022-09-09,"diked"
2022-09-10,"valve"
2022-09-11,"arums"
2022-09-12,"tench"
2022-09-13,"rings"
2022-09-14,"beams"
2022-09-15,"forty"
2022-09-16,"terse"
2022-09-17,"finny"
2022-09-18,"omits"
2022-09-19,"apply"
2022-09-20,"poach"
2022-09-21,"mucky"
2022-09-22,"sworn"
2022-09-23,"probe"
2022-09-24,"dotty"
2022-09-25,"oiled"
2022-09-26,"fuses"
2022-09-27,"later"
2022-09-28,"uteri"
2022-09-29,"fools"
2022-09-30,"viral"
2022-10-01,"gonad"
2022-10-02,"shock"
2022-10-03,"titan"
2022-10-04,"brick"
2022-10-05,"roved"
2022-10-06,"rived"
2022-10-07,"peaty"
2022-10-08,"ferry"
2022-10-09,"squab"
2022-10-10,"sixty"
2022-10-11,"quash"
2022-10-12,"tends"
2022-10-13,"early"
2022-10-14,"vanes"
2022-10-15,"tales"
2022-10-16,"musty"
2022-10-17,"claws"
2022-10-18,"thump"
2022-10-19,"kikes"
2022-10-20,"posts"
2022-10-21,"craws"
2022-10-22,"fears"
2022-10-23,"yogic"
2022-10-24,"blush"
2022-10-25,"betas"
2022-10-26,"loved"
2022-10-27,"phyla"
2022-10-28,"adios"
2022-10-29,"reran"
2022-10-30,"parse"
2022-10-31,"sheet"
2022-11-01,"canny"
2022-11-02,"haiku"
2022-11-03,"tunas"
2022-11-04,"xylem"
2022-11-05,"towel"
2022-11-06,"bogey"
2022-11-07,"tress"
2022-11-08,"belle"
2022-11-09,"liked"
2022-11-10,"nudge"
2022-11-11,"those"
2022-11-12,"antis"
2022-11-13,"franc"
2022-11-14,"tibia"
2022-11-15,"baked"
2022-11-16,"busks"
2022-11-17,"linen"
2022-11-18,"haler"
2022-11-19,"pares"
2022-11-20,"timer"
2022-11-21,"stamp"
2022-11-22,"fungi"
2022-11-23,"worry"
2022-11-24,"curly"
2022-11-25,"myths"
2022-11-26,"umped"
2022-11-27,"payee"
2022-11-28,"cello"
2022-11-29,"lifer"
2022-11-30,"stabs"
2022-12-01,"prune"
2022-12-02,"clear"
2022-12-03,"zings"
2022-12-04,"marge"
2022-12-05,"baker"
2022-12-06,"skint"
2022-12-07,"fecal"
2022-12-08,"parry"
2022-12-09,"image"
2022-12-10,"knife"
2022-12-11,"attic"
2022-12-12,"wants"
2022-12-13,"shred"
2022-12-14,"quill"
2022-12-15,"duchy"
2022-12-16,"tuxes"
2022-12-17,"skill"
2022-12-18,"bulge"
2022-12-19,"wares"
2022-12-20,"racer"
2022-12-21,"chunk"
2022-12-22,"roams"
2022-12-23,"spiky"
2022-12-24,"maize"
2022-12-25,"crumb"
2022-12-26,"abhor"
2022-12-27,"dolly"
2022-12-28,"cubed"
2022-12-29,"sappy"
2022-12-30,"cored"
2022-12-31,"plait"
2023-01-01,"slant"
2023-01-02,"hinge"
2023-01-03,"stuff"
2023-01-04,"goofs"
2023-01-05,"knack"
2023-01-06,"welds"
2023-01-07,"cause"
2023-01-08,"pluck"
2023-01-09,"fiend"
2023-01-10,"codon"
2023-01-11,"murks"
2023-01-12,"sorta"
2023-01-13,"laser"
2023-01-14,"fixed"
2023-01-15,"yelps"
2023-01-16,"equal"
2023-01-17,"rally"
2023-01-18,"vowel"
2023-01-19,"sniff"
2023-01-20,"vicar"
2023-01-21,"mists"
2023-01-22,"males"
2023-01-23,"latch"
2023-01-24,"orbit"
2023-01-25,"pinup"
2023-01-26,"sepal"
2023-01-27,"lifts"
2023-01-28,"yummy"
2023-01-29,"scrap"
2023-01-30,"baize"
2023-01-31,"sects"
2023-02-01,"where"
2023-02-02,"louts"
2023-02-03,"whist"
2023-02-04,"hotly"
2023-02-05,"spoon"
2023-02-06,"luaus"
2023-02-07,"cumin"
2023-02-08,"guyed"
2023-02-09,"kinky"
2023-02-10,"carob"
2023-02-11,"kraut"
2023-02-12,"stray"
2023-02-13,"tenet"
2023-02-14,"whine"
2023-02-15,"soils"
2023-02-16,"trots"
2023-02-17,"soggy"
2023-02-18,"rumor"
2023-02-19,"chose"
2023-02-20,"abide"
2023-02-21,"coins"
2023-02-22,"hilly"
2023-02-23,"promo"
2023-02-24,"grams"
2023-02-25,"color"
2023-02-26,"verge"
2023-02-27,"fused"
2023-02-28,"gelds"
2023-03-01,"jiffs"
2023-03-02,"teach"
2023-03-03,"tapir"
2023-03-04,"tweak"
2023-03-05,"yanks"
2023-03-06,"coupe"
2023-03-07,"sells"
2023-03-08,"smash"
2023-03-09,"earls"
2023-03-10,"toked"
2023-03-11,"proof"
2023-03-12,"caner"
2023-03-13,"mafia"
2023-03-14,"casts"
2023-03-15,"amply"
2023-03-16,"order"
2023-03-17,"octet"
2023-03-18,"raven"
2023-03-19,"winos"
2023-03-20,"comer"
2023-03-21,"styli"
2023-03-22,"sores"
2023-03-23,"rupee"
2023-03-24,"fishy"
2023-03-25,"lases"
2023-03-26,"azure"
2023-03-27,"thins"
2023-03-28,"globs"
2023-03-29,"pixel"
2023-03-30,"canst"
2023-03-31,"fiery"
2023-04-01,"irons"
2023-04-02,"coots"
2023-04-03,"sours"
2023-04-04,"roach"
2023-04-05,"mines"
2023-04-06,"skull"
2023-04-07,"broad"
2023-04-08,"tulle"
2023-04-09,"molar"
2023-04-10,"begot"
2023-04-11,"cakes"
2023-04-12,"kooky"
2023-04-13,"trays"
2023-04-14,"funks"
2023-04-15,"delta"
2023-04-16,"moral"
2023-04-17,"nerdy"
2023-04-18,"doyen"
2023-04-19,"codas"
2023-04-20,"choke"
2023-04-21,"fulls"
2023-04-22,"nicks"
2023-04-23,"besot"
2023-04-24,"spate"
2023-04-25,"exult"
2023-04-26,"merit"
2023-04-27,"adore"
2023-04-28,"darer"
2023-04-29,"frats"
2023-04-30,"straw"
2023-05-01,"caned"
2023-05-02,"opera"
2023-05-03,"epoxy"
2023-05-04,"reify"
2023-05-05,"leech"
2023-05-06,"naval"
2023-05-07,"pined"
2023-05-08,"clash"
2023-05-09,"moved"
2023-05-10,"pyres"
2023-05-11,"edits"
2023-05-12,"resin"
2023-05-13,"sully"
2023-05-14,"suite"
2023-05-15,"rebut"
2023-05-16,"ailed"
2023-05-17,"delve"
2023-05-18,"quits"
2023-05-19,"lymph"
2023-05-20,"pings"
2023-05-21,"gongs"
2023-05-22,"track"
2023-05-23,"offal"
2023-05-24,"slung"
2023-05-25,"groks"
2023-05-26,"dolls"
2023-05-27,"leafs"
2023-05-28,"laity"
2023-05-29,"tapes"
2023-05-30,"rhyme"
2023-05-31,"urine"
2023-06-01,"bravo"
2023-06-02,"amigo"
2023-06-03,"limos"
2023-06-04,"learn"
2023-06-05,"throb"
2023-06-06,"proms"
2023-06-07,"drubs"
2023-06-08,"acmes"
2023-06-09,"joyed"
2023-06-10,"spuds"
2023-06-11,"khaki"
2023-06-12,"lapel"
2023-06-13,"lines"
2023-06-14,"alder"
2023-06-15,"norms"
2023-06-16,"strut"
2023-06-17,"using"
2023-06-18,"voted"
2023-06-19,"often"
2023-06-20,"ambit"
2023-06-21,"ahead"
2023-06-22,"lilac"
2023-06-23,"jowly"
2023-06-24,"mixer"
2023-06-25,"blaze"
2023-06-26,"shown"
2023-06-27,"amour"
2023-06-28,"beady"
2023-06-29,"menus"
2023-06-30,"barfs"
2023-07-01,"wrung"
2023-07-02,"twerp"
2023-07-03,"carry"
2023-07-04,"elect"
2023-07-05,"dully"
2023-07-06,"pawls"
2023-07-07,"zones"
2023-07-08,"brand"
2023-07-09,"anion"
2023-07-10,"moron"
2023-07-11,"years"
2023-07-12,"frosh"
2023-07-13,"troll"
2023-07-14,"dough"
2023-07-15,"guard"
2023-07-16,"yikes"
2023-07-17,"gripe"
2023-07-18,"flame"
2023-07-19,"wrath"
2023-07-20,"wiser"
2023-07-21,"stain"
2023-07-22,"loner"
2023-07-23,"funky"
2023-07-24,"rival"
2023-07-25,"dirks"
2023-07-26,"biffs"
2023-07-27,"paths"
2023-07-28,"rated"
2023-07-29,"biped"
2023-07-30,"wises"
2023-07-31,"beeps"
2023-08-01,"salon"
2023-08-02,"ravel"
2023-08-03,"veins"
2023-08-04,"sinks"
2023-08-05,"beers"
2023-08-06,"adage"
2023-08-07,"costs"
2023-08-08,"owlet"
2023-08-09,"suing"
2023-08-10,"fades"
2023-08-11,"necks"
2023-08-12,"cavil"
2023-08-13,"click"
2023-08-14,"hairs"
2023-08-15,"liker"
2023-08-16,"burps"
2023-08-17,"chord"
2023-08-18,"slept"
2023-08-19,"aglow"
2023-08-20,"udder"
2023-08-21,"throw"
2023-08-22,"raged"
2023-08-23,"shirr"
2023-08-24,"climb"
2023-08-25,"ferns"
2023-08-26,"mimed"
2023-08-27,"scope"
2023-08-28,"pates"
2023-08-29,"spine"
2023-08-30,"coven"
2023-08-31,"plain"
2023-09-01,"mooed"
2023-09-02,"humid"
2023-09-03,"meted"
2023-09-04,"agony"
2023-09-05,"manor"
2023-09-06,"socks"
2023-09-07,"short"
2023-09-08,"witch"
2023-09-09,"shack"
2023-09-10,"scarf"
2023-09-11,"tarts"
2023-09-12,"foamy"
2023-09-13,"igloo"
2023-09-14,"dirty"
2023-09-15,"anise"
2023-09-16,"wiped"
2023-09-17,"karma"
2023-09-18,"false"
2023-09-19,"gowns"
2023-09-20,"bonus"
2023-09-21,"dwell"
2023-09-22,"unity"
2023-09-23,"roars"
2023-09-24,"babel"
2023-09-25,"drops"
2023-09-26,"shoos"
2023-09-27,"forte"
2023-09-28,"fumed"
2023-09-29,"degas"
2023-09-30,"enemy"
2023-10-01,"worse"
2023-10-02,"stead"
2023-10-03,"chops"
2023-10-04,"poems"
2023-10-05,"billy"
2023-10-06,"pence"
2023-10-07,"awash"
2023-10-08,"abate"
2023-10-09,"frays"
2023-10-10,"sweep"
2023-10-11,"maxis"
2023-10-12,"smile"
2023-10-13,"ogled"
2023-10-14,"cedes"
2023-10-15,"flaky"
2023-10-16,"dicta"
2023-10-17,"heaps"
2023-10-18,"papas"
2023-10-19,"whoop"
2023-10-20,"saucy"
2023-10-21,"widen"
2023-10-22,"aunts"
2023-10-23,"lobar"
2023-10-24,"flags"
2023-10-25,"fiver"
2023-10-26,"nippy"
2023-10-27,"seems"
2023-10-28,"filly"
2023-10-29,"relay"
2023-10-30,"sacks"
2023-10-31,"dolor"
2023-11-01,"wired"
2023-11-02,"coder"
2023-11-03,"civet"
2023-11-04,"wedge"
2023-11-05,"junks"
2023-11-06,"pride"
2023-11-07,"idols"
2023-11-08,"owner"
2023-11-09,"guile"
2023-11-10,"metro"
2023-11-11,"doses"
2023-11-12,"hoers"
2023-11-13,"irony"
2023-11-14,"peril"
2023-11-15,"magma"
2023-11-16,"grope"
2023-11-17,"holes"
2023-11-18,"clips"
2023-11-19,"folio"
2023-11-20,"tummy"
2023-11-21,"exist"
2023-11-22,"hoots"
2023-11-23,"tilde"
2023-11-24,"twins"
2023-11-25,"cowed"
2023-11-26,"wives"
2023-11-27,"fetch"
2023-11-28,"kayak"
2023-11-29,"toady"
2023-11-30,"lucre"
2023-12-01,"royal"
2023-12-02,"dilly"
2023-12-03,"slits"
2023-12-04,"shads"
2023-12-05,"score"
2023-12-06,"icons"
2023-12-07,"admit"
2023-12-08,"bruin"
2023-12-09,"wrote"
2023-12-10,"noose"
2023-12-11,"taken"
2023-12-12,"swats"
2023-12-13,"laxer"
2023-12-14,"opium"
2023-12-15,"helix"
2023-12-16,"bathe"
2023-12-17,"dives"
2023-12-18,"wills"
2023-12-19,"perch"
2023-12-20,"ratio"
2023-12-21,"salty"
2023-12-22,"lowed"
2023-12-23,"weird"
2023-12-24,"heart"
2023-12-25,"toned"
2023-12-26,"moody"
2023-12-27,"coups"
2023-12-28,"hefty"
2023-12-29,"flood"
2023-12-30,"manse"
2023-12-31,"nodes"
2024-01-01,"dells"
2024-01-02,"teary"
2024-01-03,"nines"
2024-01-04,"blahs"
2024-01-05,"olden"
2024-01-06,"hymns"
2024-01-07,"scrip"
2024-01-08,"hears"
2024-01-09,"goose"
2024-01-10,"snort"
2024-01-11,"prawn"
2024-01-12,"ioctl"
2024-01-13,"evils"
2024-01-14,"agate"
2024-01-15,"scion"
2024-01-16,"actor"
2024-01-17,"doper"
2024-01-18,"sheen"
2024-01-19,"baser"
2024-01-20,"faker"
2024-01-21,"leggy"
2024-01-22,"twice"
2024-01-23,"cagey"
2024-01-24,"gooey"
2024-01-25,"abler"
2024-01-26,"apron"
2024-01-27,"prude"
2024-01-28,"lolly"
2024-01-29,"makes"
2024-01-30,"slang"
2024-01-31,"poser"
2024-02-01,"fichu"
2024-02-02,"elope"
2024-02-03,"boxes"
2024-02-04,"whorl"
2024-02-05,"gourd"
2024-02-06,"aided"
2024-02-07,"gears"
2024-02-08,"twill"
2024-02-09,"fixes"
2024-02-10,"modem"
2024-02-11,"orals"
2024-02-12,"bared"
2024-02-13,"tints"
2024-02-14,"firer"
2024-02-15,"poohs"
2024-02-16,"bused"
2024-02-17,"bring"
2024-02-18,"drain"
2024-02-19,"spray"
2024-02-20,"frump"
2024-02-21,"cramp"
2024-02-22,"scowl"
2024-02-23,"passe"
2024-02-24,"brush"
2024-02-25,"hiked"
2024-02-26,"trans"
2024-02-27,"lucks"
2024-02-28,"eight"
2024-02-29,"alarm"
2024-03-01,"scans"
2024-03-02,"tiger"
2024-03-03,"unpin"
2024-03-04,"limbs"
2024-03-05,"robot"
2024-03-06,"allow"
2024-03-07,"trawl"
2024-03-08,"sager"
2024-03-09,"dorks"
2024-03-10,"roses"
2024-03-11,"basin"
2024-03-12,"guava"
2024-03-13,"poled"
2024-03-14,"recap"
2024-03-15,"squaw"
2024-03-16,"junta"
2024-03-17,"felts"
2024-03-18,"miter"
2024-03-19,"direr"
2024-03-20,"baste"
2024-03-21,"start"
2024-03-22,"visor"
2024-03-23,"lambs"
2024-03-24,"shove"
2024-03-25,"divot"
2024-03-26,"levee"
2024-03-27,"dizzy"
2024-03-28,"hewer"
2024-03-29,"dishy"
2024-03-30,"spurs"
2024-03-31,"twang"
2024-04-01,"woman"
2024-04-02,"boast"
2024-04-03,"stuck"
2024-04-04,"serif"
2024-04-05,"cafes"
2024-04-06,"booze"
2024-04-07,"spill"
2024-04-08,"fatal"
2024-04-09,"twats"
2024-04-10,"churl"
2024-04-11,"binds"
2024-04-12,"tutus"
2024-04-13,"ducal"
2024-04-14,"fared"
2024-04-15,"borer"
2024-04-16,"hairy"
2024-04-17,"slows"
2024-04-18,"likes"
2024-04-19,"unbar"
2024-04-20,"taunt"
2024-04-21,"react"
2024-04-22,"dusky"
2024-04-23,"poppy"
2024-04-24,"leery"
2024-04-25,"clang"
2024-04-26,"prier"
2024-04-27,"roost"
2024-04-28,"begun"
2024-04-29,"plums"
2024-04-30,"saver"
2024-05-01,"flask"
2024-05-02,"larch"
2024-05-03,"bahts"
2024-05-04,"ripen"
2024-05-05,"liven"
2024-05-06,"focal"
2024-05-07,"botch"
2024-05-08,"imbue"
2024-05-09,"mambo"
2024-05-10,"lyres"
2024-05-11,"lunge"
2024-05-12,"groat"
2024-05-13,"sulfa"
2024-05-14,"thous"
2024-05-15,"gusty"
2024-05-16,"humus"
2024-05-17,"phlox"
2024-05-18,"bream"
2024-05-19,"lives"
2024-05-20,"earns"
2024-05-21,"okays"
2024-05-22,"quirt"
2024-05-23,"ratty"
2024-05-24,"rebid"
2024-05-25,"drugs"
2024-05-26,"plays"
2024-05-27,"gizmo"
2024-05-28,"crane"
2024-05-29,"other"
2024-05-30,"vocab"
2024-05-31,"cling"
2024-06-01,"harpy"
2024-06-02,"stove"
2024-06-03,"firms"
2024-06-04,"sways"
2024-06-05,"braze"
2024-06-06,"sedge"
2024-06-07,"giros"
2024-06-08,"prods"
2024-06-09,"spout"
2024-06-10,"routs"
2024-06-11,"outgo"
2024-06-12,"brawl"
2024-06-13,"study"
2024-06-14,"shark"
2024-06-15,"tight"
2024-06-16,"gypsy"
2024-06-17,"wines"
2024-06-18,"decoy"
2024-06-19,"chugs"
2024-06-20,"feeds"
2024-06-21,"snubs"
2024-06-22,"marks"
2024-06-23,"plank"
2024-06-24,"spare"
2024-06-25,"trued"
2024-06-26,"soars"
2024-06-27,"motif"
2024-06-28,"freer"
2024-06-29,"thyme"
2024-06-30,"attar"
2024-07-01,"penis"
2024-07-02,"clown"
2024-07-03,"pried"
2024-07-04,"belly"
2024-07-05,"shrew"
2024-07-06,"umber"
2024-07-07,"gaily"
2024-07-08,"hurts"
2024-07-09,"burgs"
2024-07-10,"telex"
2024-07-11,"phial"
2024-07-12,"chino"
2024-07-13,"tribe"
2024-07-14,"oared"
2024-07-15,"dodge"
2024-07-16,"solve"
2024-07-17,"anger"
2024-07-18,"valid"
2024-07-19,"snows"
2024-07-20,"aback"
2024-07-21,"haves"
2024-07-22,"theft"
2024-07-23,"reams"
2024-07-24,"edges"
2024-07-25,"hutch"
2024-07-26,"refer"
2024-07-27,"nouns"
2024-07-28,"mommy"
2024-07-29,"stung"
2024-07-30,"bylaw"
2024-07-31,"blips"
2024-08-01,"lairs"
2024-08-02,"manic"
2024-08-03,"dutch"
2024-08-04,"hazer"
2024-08-05,"snugs"
2024-08-06,"haven"
2024-08-07,"blear"
2024-08-08,"sofas"
2024-08-09,"shire"
2024-08-10,"gains"
2024-08-11,"smith"
2024-08-12,"impel"
2024-08-13,"cinch"
2024-08-14,"verve"
2024-08-15,"whits"
2024-08-16,"sound"
2024-08-17,"quick"
2024-08-18,"prick"
2024-08-19,"poses"
2024-08-20,"hulks"
2024-08-21,"infer"
2024-08-22,"viler"
2024-08-23,"glass"
2024-08-24,"wazoo"
2024-08-25,"shops"
2024-08-26,"midis"
2024-08-27,"sonar"
2024-08-28,"union"
2024-08-29,"fauna"
2024-08-30,"thrum"
2024-08-31,"matey"
2024-09-01,"ocher"
2024-09-02,"swing"
2024-09-03,"proxy"
2024-09-04,"ensue"
2024-09-05,"paint"
2024-09-06,"adapt"
2024-09-07,"saris"
2024-09-08,"lions"
2024-09-09,"surfs"
2024-09-10,"buffs"
2024-09-11,"gibed"
2024-09-12,"binge"
2024-09-13,"medic"
2024-09-14,"umiak"
2024-09-15,"algae"
2024-09-16,"hymen"
2024-09-17,"tubby"
2024-09-18,"swain"
2024-09-19,"cokes"
2024-09-20,"sawed"
2024-09-21,"clump"
2024-09-22,"worms"
2024-09-23,"tetra"
2024-09-24,"scurf"
2024-09-25,"affix"
2024-09-26,"boggy"
2024-09-27,"skips"
2024-09-28,"clefs"
2024-09-29,"roped"
2024-09-30,"islet"
2024-10-01,"miens"
2024-10-02,"cruse"
2024-10-03,"thief"
2024-10-04,"plops"
2024-10-05,"colic"
2024-10-06,"wrist"
2024-10-07,"bakes"
2024-10-08,"troop"
2024-10-09,"quiff"
2024-10-10,"chute"
2024-10-11,"curvy"
2024-10-12,"vowed"
2024-10-13,"brain"
2024-10-14,"tamer"
2024-10-15,"aegis"
2024-10-16,"tinge"
2024-10-17,"ashes"
2024-10-18,"cleft"
2024-10-19,"wisps"
2024-10-20,"moths"
2024-10-21,"ducks"
2024-10-22,"birds"
2024-10-23,"floor"
2024-10-24,"amble"
2024-10-25,"geeks"
2024-10-26,"lucky"
2024-10-27,"snits"
2024-10-28,"noise"
2024-10-29,"robed"
2024-10-30,"deary"
2024-10-31,"guild"
2024-11-01,"rimed"
2024-11-02,"blued"
2024-11-03,"elude"
2024-11-04,"gross"
2024-11-05,"lodes"
2024-11-06,"lanky"
2024-11-07,"clout"
2024-11-08,"going"
2024-11-09,"fords"
2024-11-10,"shoot"
2024-11-11,"align"
2024-11-12,"taker"
2024-11-13,"sadly"
2024-11-14,"faxed"
2024-11-15,"rainy"
2024-11-16,"gofer"
2024-11-17,"hoods"
2024-11-18,"pared"
2024-11-19,"bronc"
2024-11-20,"banal"
2024-11-21,"diner"
2024-11-22,"gawks"
2024-11-23,"samba"
2024-11-24,"wails"
2024-11-25,"shady"
2024-11-26,"issue"
2024-11-27,"squid"
2024-11-28,"macho"
2024-11-29,"teeny"
2024-11-30,"split"
2024-12-01,"chins"
2024-12-02,"coals"
2024-12-03,"every"
2024-12-04,"grump"
2024-12-05,"stars"
2024-12-06,"ditty"
2024-12-07,"prate"
2024-12-08,"salad"
2024-12-09,"there"
2024-12-10,"lisle"
2024-12-11,"manes"
2024-12-12,"joker"
2024-12-13,"ditch"
2024-12-14,"frees"
2024-12-15,"balsa"
2024-12-16,"being"
2024-12-17,"splat"
2024-12-18,"cilia"
2024-12-19,"vague"
2024-12-20,"pappy"
2024-12-21,"fresh"
2024-12-22,"nifty"
2024-12-23,"cells"
2024-12-24,"coils"
2024-12-25,"civic"
2024-12-26,"alias"
2024-12-27,"spoil"
2024-12-28,"joins"
2024-12-29,"hoary"
2024-12-30,"razes"
2024-12-31,"tunny"
2025-01-01,"gasps"
2025-01-02,"grant"
2025-01-03,"thing"
2025-01-04,"spent"
2025-01-05,"raspy"
2025-01-06,"smart"
2025-01-07,"mends"
2025-01-08,"lords"
2025-01-09,"anode"
2025-01-10,"achoo"
2025-01-11,"bares"
2025-01-12,"vests"
2025-01-13,"drums"
2025-01-14,"cowls"
2025-01-15,"cocos"
2025-01-16,"wanes"
2025-01-17,"blots"
2025-01-18,"plebe"
2025-01-19,"smoky"
2025-01-20,"pecan"
2025-01-21,"motel"
2025-01-22,"blink"
2025-01-23,"crawl"
2025-01-24,"crank"
2025-01-25,"pewit"
2025-01-26,"avert"
2025-01-27,"ranch"
2025-01-28,"plies"
2025-01-29,"askew"
2025-01-30,"bonds"
2025-01-31,"shelf"
2025-02-01,"oboes"
2025-02-02,"layup"
2025-02-03,"decay"
2025-02-04,"tutor"
2025-02-05,"prams"
2025-02-06,"balls"
2025-02-07,"crews"
2025-02-08,"tower"
2025-02-09,"rhino"
2025-02-10,"wires"
2025-02-11,"grays"
2025-02-12,"astir"
2025-02-13,"rebel"
2025-02-14,"deals"
2025-02-15,"prize"
2025-02-16,"betel"
2025-02-17,"yogis"
2025-02-18,"lacks"
2025-02-19,"eclat"
2025-02-20,"throe"
2025-02-21,"pager"
2025-02-22,"scull"
2025-02-23,"claps"
2025-02-24,"eaten"
2025-02-25,"flung"
2025-02-26,"unmet"
2025-02-27,"yokes"
2025-02-28,"germs"
2025-03-01,"swank"
2025-03-02,"testy"
2025-03-03,"paced"
2025-03-04,"least"
2025-03-05,"lined"
2025-03-06,"savvy"
2025-03-07,"slays"
2025-03-08,"foils"
2025-03-09,"froth"
2025-03-10,"corgi"
2025-03-11,"leash"
2025-03-12,"stows"
2025-03-13,"scrod"
2025-03-14,"overt"
2025-03-15,"scuff"
2025-03-16,"chows"
2025-03-17,"sprat"
2025-03-18,"warns"
2025-03-19,"vault"
2025-03-20,"eagle"
2025-03-21,"kneed"
2025-03-22,"cheep"
2025-03-23,"weeps"
2025-03-24,"mated"
2025-03-25,"tiffs"
2025-03-26,"ideal"
2025-03-27,"among"
2025-03-28,"fired"
2025-03-29,"dungs"
2025-03-30,"canal"
2025-03-31,"swags"
2025-04-01,"wowed"
2025-04-02,"stile"
2025-04-03,"wolds"
2025-04-04,"drawl"
2025-04-05,"tidal"
2025-04-06,"waxen"
2025-04-07,"wider"
2025-04-08,"tests"
2025-04-09,"duets"
2025-04-10,"spots"
2025-04-11,"loped"
2025-04-12,"paler"
2025-04-13,"hosts"
2025-04-14,"sauce"
2025-04-15,"curls"
2025-04-16,"coves"
2025-04-17,"rifer"
2025-04-18,"clack"
2025-04-19,"squib"
2025-04-20,"fowls"
2025-04-21,"pasty"
2025-04-22,"stops"
2025-04-23,"lefts"
2025-04-24,"poise"
2025-04-25,"snail"
2025-04-26,"sinus"
2025-04-27,"krone"
2025-04-28,"zilch"
2025-04-29,"drift"
2025-04-30,"slums"
2025-05-01,"tools"
2025-05-02,"bingo"
2025-05-03,"fakes"
2025-05-04,"dopes"
2025-05-05,"rasps"
2025-05-06,"comet"
2025-05-07,"crabs"
2025-05-08,"ebbed"
2025-05-09,"axiom"
2025-05-10,"redid"
2025-05-11,"vises"
2025-05-12,"virus"
2025-05-13,"break"
2025-05-14,"sages"
2025-05-15,"parer"
2025-05-16,"basic"
2025-05-17,"hunks"
2025-05-18,"wreak"
2025-05-19,"slash"
2025-05-20,"clime"
2025-05-21,"eject"
2025-05-22,"steps"
2025-05-23,"soaps"
2025-05-24,"balky"
2025-05-25,"lamed"
2025-05-26,"seven"
2025-05-27,"sates"
2025-05-28,"lulls"
2025-05-29,"write"
2025-05-30,"today"
2025-05-31,"wager"
2025-06-01,"larks"
2025-06-02,"quaff"
2025-06-03,"maven"
2025-06-04,"diver"
2025-06-05,"funds"
2025-06-06,"twirl"
2025-06-07,"sated"
2025-06-08,"breve"
2025-06-09,"surge"
2025-06-10,"mangy"
2025-06-11,"bobby"
2025-06-12,"trial"
2025-06-13,"flirt"
2025-06-14,"patch"
2025-06-15,"fakir"
2025-06-16,"stays"
2025-06-17,"baits"
2025-06-18,"mikes"
2025-06-19,"horde"
2025-06-20,"dowse"
2025-06-21,"deice"
2025-06-22,"morns"
2025-06-23,"coons"
2025-06-24,"snark"
2025-06-25,"blini"
2025-06-26,"coops"
2025-06-27,"tires"
2025-06-28,"tempt"
2025-06-29,"aside"
2025-06-30,"soled"
2025-07-01,"cured"
2025-07-02,"nymph"
2025-07-03,"knish"
2025-07-04,"hound"
2025-07-05,"night"
2025-07-06,"cards"
2025-07-07,"matzo"
2025-07-08,"heeds"
2025-07-09,"ample"
2025-07-10,"strep"
2025-07-11,"court"
2025-07-12,"novas"
2025-07-13,"fluke"
2025-07-14,"rises"
2025-07-15,"noddy"
2025-07-16,"dawns"
2025-07-17,"adder"
2025-07-18,"henna"
2025-07-19,"cease"
2025-07-20,"walks"
2025-07-21,"beget"
2025-07-22,"singe"
2025-07-23,"flier"
2025-07-24,"laded"
2025-07-25,"slick"
2025-07-26,"jerks"
2025-07-27,"druid"
2025-07-28,"spike"
2025-07-29,"jived"
2025-07-30,"sears"
2025-07-31,"films"
2025-08-01,"berms"
2025-08-02,"papal"
2025-08-03,"fiats"
2025-08-04,"rites"
2025-08-05,"talus"
2025-08-06,"kilos"
2025-08-07,"reedy"
2025-08-08,"puked"
2025-08-09,"edify"
2025-08-10,"owing"
2025-08-11,"diary"
2025-08-12,"gimps"
2025-08-13,"genus"
2025-08-14,"proud"
2025-08-15,"segue"
2025-08-16,"their"
2025-08-17,"heavy"
2025-08-18,"abeam"
2025-08-19,"wends"
2025-08-20,"arced"
2025-08-21,"shawl"
2025-08-22,"piton"
2025-08-23,"laces"
2025-08-24,"kitty"
2025-08-25,"swarm"
2025-08-26,"ceder"
2025-08-27,"croft"
2025-08-28,"siege"
2025-08-29,"oomph"
2025-08-30,"sunny"
2025-08-31,"slots"
2025-09-01,"largo"
2025-09-02,"ovary"
2025-09-03,"yacht"
2025-09-04,"mogul"
2025-09-05,"rutty"
2025-09-06,"piled"
2025-09-07,"pshaw"
2025-09-08,"ruddy"
2025-09-09,"calls"
2025-09-10,"loops"
2025-09-11,"calyx"
2025-09-12,"speak"
2025-09-13,"nooks"
2025-09-14,"raked"
2025-09-15,"tears"
2025-09-16,"usurp"
2025-09-17,"gents"
2025-09-18,"vapid"
2025-09-19,"afoot"
2025-09-20,"solar"
2025-09-21,"wells"
2025-09-22,"words"
2025-09-23,"thuds"
2025-09-24,"tyros"
2025-09-25,"wards"
2025-09-26,"eking"
2025-09-27,"aquas"
2025-09-28,"forth"
2025-09-29,"begin"
2025-09-30,"adept"
2025-10-01,"vouch"
2025-10-02,"whims"
2025-10-03,"teens"
2025-10-04,"alike"
2025-10-05,"filth"
2025-10-06,"firth"
2025-10-07,"humps"
2025-10-08,"daddy"
2025-10-09,"waken"
2025-10-10,"knelt"
2025-10-11,"curse"
2025-10-12,"smuts"
2025-10-13,"icing"
2025-10-14,"roads"
2025-10-15,"earth"
2025-10-16,"rebus"
2025-10-17,"felon"
2025-10-18,"hobos"
2025-10-19,"reign"
2025-10-20,"bluff"
2025-10-21,"feral"
2025-10-22,"idled"
2025-10-23,"xerox"
2025-10-24,"quite"
2025-10-25,"peels"
2025-10-26,"turps"
2025-10-27,"rummy"
2025-10-28,"goofy"
2025-10-29,"alums"
2025-10-30,"dress"
2025-10-31,"riots"
2025-11-01,"crazy"
2025-11-02,"match"
2025-11-03,"bites"
2025-11-04,"clove"
2025-11-05,"vices"
2025-11-06,"quake"
2025-11-07,"tamps"
2025-11-08,"doors"
2025-11-09,"banks"
2025-11-10,"duped"
2025-11-11,"leeks"
2025-11-12,"hasps"
2025-11-13,"petal"
2025-11-14,"lynch"
2025-11-15,"murky"
2025-11-16,"plead"
2025-11-17,"sputa"
2025-11-18,"toddy"
2025-11-19,"bedim"
2025-11-20,"teddy"
2025-11-21,"butts"
2025-11-22,"feint"
2025-11-23,"ploys"
2025-11-24,"foxed"
2025-11-25,"stats"
2025-11-26,"flubs"
2025-11-27,"tiles"
2025-11-28,"annoy"
2025-11-29,"mealy"
2025-11-30,"razor"
2025-12-01,"hopes"
2025-12-02,"heard"
2025-12-03,"futon"
2025-12-04,"pikes"
2025-12-05,"wilts"
2025-12-06,"xenon"
2025-12-07,"feign"
2025-12-08,"fines"
2025-12-09,"leaky"
2025-12-10,"vocal"
2025-12-11,"staph"
2025-12-12,"teaks"
2025-12-13,"acrid"
2025-12-14,"newsy"
2025-12-15,"freak"
2025-12-16,"davit"
2025-12-17,"toffs"
2025-12-18,"spark"
2025-12-19,"snare"
2025-12-20,"legal"
2025-12-21,"grove"
2025-12-22,"natch"
2025-12-23,"still"
2025-12-24,"aimed"
2025-12-25,"cream"
2025-12-26,"lupus"
2025-12-27,"beaus"
2025-12-28,"goody"
2025-12-29,"lades"
2025-12-30,"ionic"
2025-12-31,"exits"
2026-01-01,"organ"
2026-01-02,"doles"
2026-01-03,"coypu"
2026-01-04,"plods"
2026-01-05,"drear"
2026-01-06,"slugs"
2026-01-07,"silty"
2026-01-08,"jimmy"
2026-01-09,"glint"
2026-01-10,"molds"
2026-01-11,"right"
2026-01-12,"polka"
2026-01-13,"lofts"
2026-01-14,"dimes"
2026-01-15,"cocky"
2026-01-16,"bluer"
2026-01-17,"cluck"
2026-01-18,"peeps"
2026-01-19,"tardy"
2026-01-20,"jibed"
2026-01-21,"tweet"
2026-01-22,"leers"
2026-01-23,"apace"
2026-01-24,"braid"
2026-01-25,"belts"
2026-01-26,"caper"
2026-01-27,"chirp"
2026-01-28,"aired"
2026-01-29,"holds"
2026-01-30,"bunts"
2026-01-31,"armor"
2026-02-01,"incur"
2026-02-02,"oozes"
2026-02-03,"gated"
2026-02-04,"radon"
2026-02-05,"cooks"
2026-02-06,"woven"
2026-02-07,"bucks"
2026-02-08,"dolts"
2026-02-09,"piles"
2026-02-10,"debts"
2026-02-11,"paces"
2026-02-12,"oddly"
2026-02-13,"runes"
2026-02-14,"reeks"
2026-02-15,"brake"
2026-02-16,"cough"
2026-02-17,"neigh"
2026-02-18,"divas"
2026-02-19,"zloty"
2026-02-20,"kiwis"
2026-02-21,"souls"
2026-02-22,"mares"
2026-02-23,"pivot"
2026-02-24,"memos"
2026-02-25,"undid"
2026-02-26,"jilts"
2026-02-27,"pawed"
2026-02-28,"huffy"
2026-03-01,"erect"
2026-03-02,"cower"
2026-03-03,"wonky"
2026-03-04,"pills"
2026-03-05,"pocks"
2026-03-06,"basks"
2026-03-07,"taffy"
2026-03-08,"beech"
2026-03-09,"reply"
2026-03-10,"bends"
2026-03-11,"pokey"
2026-03-12,"boons"
2026-03-13,"slimy"
2026-03-14,"villi"
2026-03-15,"stilt"
2026-03-16,"tabby"
2026-03-17,"glory"
2026-03-18,"tasty"
2026-03-19,"capes"
2026-03-20,"nodal"
2026-03-21,"glyph"
2026-03-22,"smock"
2026-03-23,"gouty"
2026-03-24,"twist"
2026-03-25,"thane"
2026-03-26,"coxed"
2026-03-27,"gamed"
2026-03-28,"scamp"
2026-03-29,"walls"
2026-03-30,"piker"
2026-03-31,"woods"
2026-04-01,"guano"
2026-04-02,"farce"
2026-04-03,"mores"
2026-04-04,"drown"
2026-04-05,"profs"
2026-04-06,"pulls"
2026-04-07,"nixed"
2026-04-08,"spiny"
2026-04-09,"ruler"
2026-04-10,"afire"
2026-04-11,"halve"
2026-04-12,"dirge"
2026-04-13,"unwed"
2026-04-14,"piggy"
2026-04-15,"bidet"
2026-04-16,"furls"
2026-04-17,"zincs"
2026-04-18,"joint"
2026-04-19,"cutie"
2026-04-20,"cased"
2026-04-21,"bogus"
2026-04-22,"dulls"
2026-04-23,"abort"
2026-04-24,"goons"
2026-04-25,"paled"
2026-04-26,"joule"
2026-04-27,"daunt"
2026-04-28,"bongs"
2026-04-29,"steal"
2026-04-30,"swede"
2026-05-01,"piper"
2026-05-02,"stags"
2026-05-03,"nervy"
2026-05-04,"rough"
2026-05-05,"hyped"
2026-05-06,"favor"
2026-05-07,"robes"
2026-05-08,"skied"
2026-05-09,"misty"
2026-05-10,"spics"
2026-05-11,"offer"
2026-05-12,"picks"
2026-05-13,"boxer"
2026-05-14,"yards"
2026-05-15,"coyly"
2026-05-16,"servo"
2026-05-17,"spake"
2026-05-18,"safes"
2026-05-19,"batty"
2026-05-20,"merge"
2026-05-21,"pukes"
2026-05-22,"gyves"
2026-05-23,"pimps"
2026-05-24,"clank"
2026-05-25,"slake"
2026-05-26,"tares"
2026-05-27,"stern"
2026-05-28,"swine"
2026-05-29,"perks"
2026-05-30,"fugal"
2026-05-31,"decry"
2026-06-01,"wurst"
2026-06-02,"party"
2026-06-03,"swans"
2026-06-04,"busty"
2026-06-05,"shuns"
2026-06-06,"radii"
2026-06-07,"tared"
2026-06-08,"gloss"
2026-06-09,"bimbo"
2026-06-10,"bloat"
2026-06-11,"index"
2026-06-12,"hoses"
2026-06-13,"grass"
2026-06-14,"oozed"
2026-06-15,"chafe"
2026-06-16,"since"
2026-06-17,"catch"
2026-06-18,"nuked"
2026-06-19,"phage"
2026-06-20,"close"
2026-06-21,"idiom"
2026-06-22,"modes"
2026-06-23,"exurb"
2026-06-24,"tread"
2026-06-25,"vying"
2026-06-26,"forge"
2026-06-27,"milky"
2026-06-28,"opals"
2026-06-29,"coral"
2026-06-30,"octal"
2026-07-01,"might"
2026-07-02,"waltz"
2026-07-03,"thick"
2026-07-04,"qualm"
2026-07-05,"gully"
2026-07-06,"plumb"
2026-07-07,"wings"
2026-07-08,"doily"
2026-07-09,"ivies"
2026-07-10,"clots"
2026-07-11,"craps"
2026-07-12,"reaps"
2026-07-13,"lungs"
2026-07-14,"stout"
2026-07-15,"steam"
2026-07-16,"stoic"
2026-07-17,"laced"
2026-07-18,"wrong"
2026-07-19,"lemon"
2026-07-20,"bract"
2026-07-21,"fawns"
2026-07-22,"clews"
2026-07-23,"skeet"
2026-07-24,"hones"
2026-07-25,"tuber"
2026-07-26,"barns"
2026-07-27,"bongo"
2026-07-28,"hying"
2026-07-29,"scoop"
2026-07-30,"fifes"
2026-07-31,"polyp"
2026-08-01,"urged"
2026-08-02,"world"
2026-08-03,"peeks"
2026-08-04,"whack"
2026-08-05,"tromp"
2026-08-06,"capos"
2026-08-07,"goads"
2026-08-08,"hulls"
2026-08-09,"snafu"
2026-08-10,"thumb"
2026-08-11,"logos"
2026-08-12,"pixie"
2026-08-13,"noble"
2026-08-14,"whops"
2026-08-15,"touts"
2026-08-16,"bevel"
2026-08-17,"sixes"
2026-08-18,"cabal"
2026-08-19,"mezzo"
2026-08-20,"sooty"
2026-08-21,"vamps"
2026-08-22,"thorn"
2026-08-23,"ultra"
2026-08-24,"doggy"
2026-08-25,"kraal"
2026-08-26,"depot"
2026-08-27,"stoat"
2026-08-28,"gnash"
2026-08-29,"pines"
2026-08-30,"taros"
2026-08-31,"geode"
2026-09-01,"sides"
2026-09-02,"hubby"
2026-09-03,"paras"
2026-09-04,"spell"
2026-09-05,"feted"
2026-09-06,"messy"
2026-09-07,"maned"
2026-09-08,"laird"
2026-09-09,"panic"
2026-09-10,"loamy"
2026-09-11,"uncut"
2026-09-12,"swigs"
2026-09-13,"areas"
2026-09-14,"farts"
2026-09-15,"shade"
2026-09-16,"plonk"
2026-09-17,"spite"
2026-09-18,"gaudy"
2026-09-19,"circa"
2026-09-20,"emits"
2026-09-21,"bitch"
2026-09-22,"hacks"
2026-09-23,"prone"
2026-09-24,"grape"
2026-09-25,"booty"
2026-09-26,"barbs"
2026-09-27,"ruder"
2026-09-28,"zonal"
2026-09-29,"jacks"
2026-09-30,"scams"
2026-10-01,"sills"
2026-10-02,"lance"
2026-10-03,"seeks"
2026-10-04,"avian"
2026-10-05,"memes"
2026-10-06,"frown"
2026-10-07,"aspen"
2026-10-08,"porgy"
2026-10-09,"dense"
2026-10-10,"satin"
2026-10-11,"newts"
2026-10-12,"vegan"
2026-10-13,"pagan"
2026-10-14,"shake"
2026-10-15,"snaky"
2026-10-16,"sewed"
2026-10-17,"terms"
2026-10-18,"tramp"
2026-10-19,"noted"
2026-10-20,"diode"
2026-10-21,"flunk"
2026-10-22,"cacti"
2026-10-23,"hunch"
2026-10-24,"mourn"
2026-10-25,"newly"
2026-10-26,"witty"
2026-10-27,"upset"
2026-10-28,"tansy"
2026-10-29,"lumen"
2026-10-30,"delis"
2026-10-31,"navel"
2026-11-01,"miked"
2026-11-02,"crypt"
2026-11-03,"dingo"
2026-11-04,"catty"
2026-11-05,"ducts"
2026-11-06,"ferny"
2026-11-07,"aware"
2026-11-08,"glues"
2026-11-09,"indie"
2026-11-10,"slued"
2026-11-11,"therm"
2026-11-12,"login"
2026-11-13,"zebra"
2026-11-14,"fells"
2026-11-15,"tuned"
2026-11-16,"crack"
2026-11-17,"bonny"
2026-11-18,"visit"
2026-11-19,"chips"
2026-11-20,"clock"
2026-11-21,"sabra"
2026-11-22,"handy"
2026-11-23,"pewee"
2026-11-24,"kings"
2026-11-25,"dumpy"
2026-11-26,"chock"
2026-11-27,"cairn"
2026-11-28,"odium"
2026-11-29,"under"
2026-11-30,"boded"
2026-12-01,"jokes"
2026-12-02,"lists"
2026-12-03,"cuffs"
2026-12-04,"stint"
2026-12-05,"livid"
2026-12-06,"beret"
2026-12-07,"snoot"
2026-12-08,"snake"
2026-12-09,"abets"
2026-12-10,"salvo"
2026-12-11,"shape"
2026-12-12,"cozen"
2026-12-13,"prays"
2026-12-14,"swims"
2026-12-15,"threw"
2026-12-16,"valor"
2026-12-17,"flaps"
2026-12-18,"melee"
2026-12-19,"cupid"
2026-12-20,"haste"
2026-12-21,"trims"
2026-12-22,"sever"
2026-12-23,"autos"
2026-12-24,"nuder"
2026-12-25,"sudsy"
2026-12-26,"added"
2026-12-27,"ulcer"
2026-12-28,"alack"
2026-12-29,"pilot"
2026-12-30,"gruff"
2026-12-31,"milch"
2027-01-01,"store"
2027-01-02,"spurt"
2027-01-03,"bodes"
2027-01-04,"coked"
2027-01-05,"above"
2027-01-06,"ruing"
2027-01-07,"crate"
2027-01-08,"meson"
2027-01-09,"twain"
2027-01-10,"eruct"
2027-01-11,"venom"
2027-01-12,"fugue"
2027-01-13,"album"
2027-01-14,"dunks"
2027-01-15,"knock"
2027-01-16,"march"
2027-01-17,"sucks"
2027-01-18,"flops"
2027-01-19,"cocks"
2027-01-20,"scoff"
2027-01-21,"soups"
2027-01-22,"tokes"
2027-01-23,"mutes"
2027-01-24,"graph"
2027-01-25,"saute"
2027-01-26,"glued"
2027-01-27,"gusts"
2027-01-28,"blimp"
2027-01-29,"ports"
2027-01-30,"minus"
2027-01-31,"honed"
2027-02-01,"emend"
2027-02-02,"acorn"
2027-02-03,"scalp"
2027-02-04,"sires"
2027-02-05,"voile"
2027-02-06,"peens"
2027-02-07,"glide"
2027-02-08,"topaz"
2027-02-09,"swabs"
2027-02-10,"gusto"
2027-02-11,"truss"
2027-02-12,"sower"
2027-02-13,"vends"
2027-02-14,"teats"
2027-02-15,"colds"
2027-02-16,"pinch"
2027-02-17,"poets"
2027-02-18,"smell"
2027-02-19,"hefts"
2027-02-20,"queer"
2027-02-21,"shill"
2027-02-22,"blind"
2027-02-23,"poker"
2027-02-24,"burrs"
2027-02-25,"judge"
2027-02-26,"tenor"
2027-02-27,"elate"
2027-02-28,"jibes"
2027-03-01,"syrup"
2027-03-02,"cotes"
2027-03-03,"getup"
2027-03-04,"lyric"
2027-03-05,"celeb"
2027-03-06,"crony"
2027-03-07,"roils"
2027-03-08,"cable"
2027-03-09,"sumps"
2027-03-10,"bears"
2027-03-11,"prats"
2027-03-12,"jives"
2027-03-13,"dweeb"
2027-03-14,"anted"
2027-03-15,"erode"
2027-03-16,"rower"
2027-03-17,"gator"
2027-03-18,"abuzz"
2027-03-19,"ruffs"
2027-03-20,"inert"
2027-03-21,"kappa"
2027-03-22,"bolts"
2027-03-23,"monks"
2027-03-24,"blobs"
2027-03-25,"taxes"
2027-03-26,"folks"
2027-03-27,"hayed"
2027-03-28,"turns"
2027-03-29,"risks"
2027-03-30,"nooky"
2027-03-31,"spats"
2027-04-01,"icier"
2027-04-02,"totes"
2027-04-03,"dinar"
2027-04-04,"miffs"
2027-04-05,"abaft"
2027-04-06,"mitts"
2027-04-07,"drive"
2027-04-08,"slogs"
2027-04-09,"hints"
2027-04-10,"bombs"
2027-04-11,"roves"
2027-04-12,"itchy"
2027-04-13,"blows"
2027-04-14,"sided"
2027-04-15,"hangs"
2027-04-16,"dries"
2027-04-17,"duvet"
2027-04-18,"stunk"
2027-04-19,"tepee"
2027-04-20,"annex"
2027-04-21,"pithy"
2027-04-22,"child"
2027-04-23,"sites"
2027-04-24,"camel"
2027-04-25,"lints"
2027-04-26,"calve"
2027-04-27,"dryer"
2027-04-28,"farad"
2027-04-29,"knits"
2027-04-30,"leaps"
2027-05-01,"keels"
2027-05-02,"debug"
2027-05-03,"bayed"
2027-05-04,"tired"
2027-05-05,"droll"
2027-05-06,"lumpy"
2027-05-07,"foist"
2027-05-08,"mimic"
2027-05-09,"penal"
2027-05-10,"buses"
2027-05-11,"cawed"
2027-05-12,"corns"
2027-05-13,"cushy"
2027-05-14,"cloys"
2027-05-15,"while"
2027-05-16,"waxed"
2027-05-17,"plied"
2027-05-18,"charm"
2027-05-19,"theme"
2027-05-20,"otter"
2027-05-21,"imago"
2027-05-22,"curds"
2027-05-23,"cults"
2027-05-24,"outta"
2027-05-25,"towns"
2027-05-26,"jeers"
2027-05-27,"fated"
2027-05-28,"rangy"
2027-05-29,"alkyd"
2027-05-30,"loafs"
2027-05-31,"carom"
2027-06-01,"limey"
2027-06-02,"hooky"
2027-06-03,"truce"
2027-06-04,"round"
2027-06-05,"tizzy"
2027-06-06,"watts"
2027-06-07,"aspic"
2027-06-08,"flail"
2027-06-09,"natty"
2027-06-10,"reset"
2027-06-11,"rehab"
2027-06-12,"sarge"
2027-06-13,"llama"
2027-06-14,"aloha"
2027-06-15,"trove"
2027-06-16,"rimes"
2027-06-17,"smirk"
2027-06-18,"sewer"
2027-06-19,"oxbow"
2027-06-20,"yeast"
2027-06-21,"broth"
2027-06-22,"woken"
2027-06-23,"hobby"
2027-06-24,"sonny"
2027-06-25,"goods"
2027-06-26,"entry"
2027-06-27,"chart"
2027-06-28,"ennui"
2027-06-29,"bails"
2027-06-30,"tiler"
2027-07-01,"boars"
2027-07-02,"twine"
2027-07-03,"rusks"
2027-07-04,"house"
2027-07-05,"mufti"
2027-07-06,"taxer"
2027-07-07,"marry"
2027-07-08,"stood"
2027-07-09,"gorse"
2027-07-10,"rinds"
2027-07-11,"camps"
2027-07-12,"curia"
2027-07-13,"fatwa"
2027-07-14,"fauns"
2027-07-15,"media"
2027-07-16,"queue"
2027-07-17,"crept"
2027-07-18,"balds"
2027-07-19,"padre"
2027-07-20,"curve"
2027-07-21,"axial"
2027-07-22,"bauds"
2027-07-23,"kiosk"
2027-07-24,"runny"
2027-07-25,"booed"
2027-07-26,"agile"
2027-07-27,"chump"
2027-07-28,"doers"
2027-07-29,"ivied"
2027-07-30,"tasks"
2027-07-31,"toast"
2027-08-01,"tease"
2027-08-02,"delft"
2027-08-03,"alibi"
2027-08-04,"puffs"
2027-08-05,"built"
2027-08-06,"vivid"
2027-08-07,"tones"
2027-08-08,"chine"
2027-08-09,"homed"
2027-08-10,"skids"
2027-08-11,"sleds"
2027-08-12,"paves"
2027-08-13,"bored"
2027-08-14,"enema"
2027-08-15,"japan"
2027-08-16,"tusks"
2027-08-17,"brews"
2027-08-18,"heels"
2027-08-19,"cheek"
2027-08-20,"floes"
2027-08-21,"hunky"
2027-08-22,"hocks"
2027-08-23,"gamin"
2027-08-24,"stall"
2027-08-25,"surer"
2027-08-26,"sling"
2027-08-27,"alien"
2027-08-28,"refit"
2027-08-29,"traps"
2027-08-30,"trues"
2027-08-31,"perms"
2027-09-01,"yawns"
2027-09-02,"cigar"
2027-09-03,"flank"
2027-09-04,"trout"
2027-09-05,"outdo"
2027-09-06,"gulch"
2027-09-07,"decks"
2027-09-08,"dipso"
2027-09-09,"triad"
2027-09-10,"minor"
2027-09-11,"wheel"
2027-09-12,"genii"
2027-09-13,"teams"
2027-09-14,"honey"
2027-09-15,"chain"
2027-09-16,"baton"
2027-09-17,"fatso"
2027-09-18,"versa"
2027-09-19,"amend"
2027-09-20,"viols"
2027-09-21,"novae"
2027-09-22,"loose"
2027-09-23,"could"
2027-09-24,"paddy"
2027-09-25,"tilts"
2027-09-26,"demur"
2027-09-27,"deeds"
2027-09-28,"gunny"
2027-09-29,"bangs"
2027-09-30,"dooms"
2027-10-01,"purse"
2027-10-02,"champ"
2027-10-03,"oasis"
2027-10-04,"stews"
2027-10-05,"mynas"
2027-10-06,"puppy"
2027-10-07,"gauge"
2027-10-08,"yoked"
2027-10-09,"wroth"
2027-10-10,"taped"
2027-10-11,"vomit"
2027-10-12,"trows"
2027-10-13,"roomy"
2027-10-14,"hales"
2027-10-15,"rheum"
2027-10-16,"yours"
2027-10-17,"hider"
2027-10-18,"harsh"
2027-10-19,"tripe"
2027-10-20,"argue"
2027-10-21,"crime"
2027-10-22,"bribe"
2027-10-23,"afoul"
2027-10-24,"stole"
2027-10-25,"hitch"
2027-10-26,"curbs"
2027-10-27,"poked"
2027-10-28,"zooms"
2027-10-29,"ogles"
2027-10-30,"sexed"
2027-10-31,"usage"
2027-11-01,"shays"
2027-11-02,"basil"
2027-11-03,"spoof"
2027-11-04,"denim"
2027-11-05,"bilks"
2027-11-06,"annul"
2027-11-07,"north"
2027-11-08,"slide"
2027-11-09,"grows"
2027-11-10,"unbox"
2027-11-11,"bawls"
2027-11-12,"staid"
2027-11-13,"check"
2027-11-14,"grins"
2027-11-15,"dimly"
2027-11-16,"salve"
2027-11-17,"brows"
2027-11-18,"abbot"
2027-11-19,"napes"
2027-11-20,"tills"
2027-11-21,"puree"
2027-11-22,"lolls"
2027-11-23,"floss"
2027-11-24,"lepta"
2027-11-25,"kooks"
2027-11-26,"fates"
2027-11-27,"found"
2027-11-28,"durst"
2027-11-29,"negro"
2027-11-30,"mange"
2027-12-01,"verbs"
2027-12-02,"dozed"
2027-12-03,"steed"
2027-12-04,"quire"
2027-12-05,"wharf"
2027-12-06,"wanna"
2027-12-07,"cubic"
2027-12-08,"gavel"
2027-12-09,"wiled"
2027-12-10,"ditto"
2027-12-11,"white"
2027-12-12,"reuse"
2027-12-13,"light"
2027-12-14,"chime"
2027-12-15,"packs"
2027-12-16,"epics"
2027-12-17,"swoop"
2027-12-18,"pansy"
2027-12-19,"typos"
2027-12-20,"trick"
2027-12-21,"snack"
2027-12-22,"koala"
2027-12-23,"semen"
2027-12-24,"awful"
2027-12-25,"malts"
2027-12-26,"marts"
2027-12-27,"terns"
2027-12-28,"nasal"
2027-12-29,"peeve"
2027-12-30,"derby"
2027-12-31,"baths"
2028-01-01,"fries"
2028-01-02,"chide"
2028-01-03,"babes"
2028-01-04,"dears"
2028-01-05,"sloth"
2028-01-06,"pelts"
2028-01-07,"civil"
2028-01-08,"event"
2028-01-09,"pooch"
2028-01-10,"hated"
2028-01-11,"gnome"
2028-01-12,"harry"
2028-01-13,"armed"
2028-01-14,"fitly"
2028-01-15,"cloud"
2028-01-16,"posse"
2028-01-17,"souse"
2028-01-18,"build"
2028-01-19,"drama"
2028-01-20,"welsh"
2028-01-21,"beaks"
2028-01-22,"frock"
2028-01-23,"rates"
2028-01-24,"wader"
2028-01-25,"truer"
2028-01-26,"meter"
2028-01-27,"prowl"
2028-01-28,"savor"
2028-01-29,"villa"
2028-01-30,"whore"
2028-01-31,"froze"
2028-02-01,"beset"
2028-02-02,"rafts"
2028-02-03,"irked"
2028-02-04,"badly"
2028-02-05,"jests"
2028-02-06,"titty"
2028-02-07,"scone"
2028-02-08,"mesas"
2028-02-09,"cures"
2028-02-10,"folly"
2028-02-11,"chore"
2028-02-12,"lucid"
2028-02-13,"berry"
2028-02-14,"angle"
2028-02-15,"arena"
2028-02-16,"vigil"
2028-02-17,"token"
2028-02-18,"shunt"
2028-02-19,"kilts"
2028-02-20,"addle"
2028-02-21,"hoist"
2028-02-22,"level"
2028-02-23,"unfix"
2028-02-24,"pouts"
2028-02-25,"gales"
2028-02-26,"raper"
2028-02-27,"lousy"
2028-02-28,"cohos"
2028-02-29,"arrow"
2028-03-01,"trunk"
2028-03-02,"swept"
2028-03-03,"parch"
2028-03-04,"tiled"
2028-03-05,"alter"
2028-03-06,"sight"
2028-03-07,"stare"
2028-03-08,"crowd"
2028-03-09,"goals"
2028-03-10,"wispy"
2028-03-11,"barge"
2028-03-12,"skirt"
2028-03-13,"crepe"
2028-03-14,"edema"
2028-03-15,"burst"
2028-03-16,"eared"
2028-03-17,"prism"
2028-03-18,"tucks"
2028-03-19,"limps"
2028-03-20,"antsy"
2028-03-21,"fiber"
2028-03-22,"scrim"
2028-03-23,"waned"
2028-03-24,"pasts"
2028-03-25,"sweat"
2028-03-26,"dills"
2028-03-27,"quack"
2028-03-28,"gaffs"
2028-03-29,"clung"
2028-03-30,"volts"
2028-03-31,"aloof"
2028-04-01,"egret"
2028-04-02,"fetes"
2028-04-03,"rouse"
2028-04-04,"quota"
2028-04-05,"smelt"
2028-04-06,"mains"
2028-04-07,"yearn"
2028-04-08,"steak"
2028-04-09,"rater"
2028-04-10,"tangy"
2028-04-11,"imply"
2028-04-12,"sprig"
2028-04-13,"hates"
2028-04-14,"blame"
2028-04-15,"shrug"
2028-04-16,"whats"
2028-04-17,"giver"
2028-04-18,"gamer"
2028-04-19,"bouts"
2028-04-20,"dandy"
2028-04-21,"fairs"
2028-04-22,"evade"
2028-04-23,"flaws"
2028-04-24,"longs"
2028-04-25,"dukes"
2028-04-26,"tumor"
2028-04-27,"vases"
2028-04-28,"dozen"
2028-04-29,"knobs"
2028-04-30,"poxes"
2028-05-01,"lamer"
2028-05-02,"files"
2028-05-03,"lakes"
2028-05-04,"feuds"
2028-05-05,"holey"
2028-05-06,"leach"
2028-05-07,"gravy"
2028-05-08,"chewy"
2028-05-09,"blond"
2028-05-10,"clone"
2028-05-11,"devil"
2028-05-12,"label"
2028-05-13,"marsh"
2028-05-14,"educe"
2028-05-15,"weedy"
2028-05-16,"extra"
2028-05-17,"roast"
2028-05-18,"miles"
2028-05-19,"debar"
2028-05-20,"wadis"
2028-05-21,"gauze"
2028-05-22,"muffs"
2028-05-23,"amity"
2028-05-24,"named"
2028-05-25,"nabob"
2028-05-26,"posed"
2028-05-27,"spiel"
2028-05-28,"hadst"
2028-05-29,"fists"
2028-05-30,"weeks"
2028-05-31,"brags"
2028-06-01,"onion"
2028-06-02,"stack"
2028-06-03,"fleck"
2028-06-04,"waged"
2028-06-05,"gauzy"
2028-06-06,"prigs"
2028-06-07,"allay"
2028-06-08,"pawns"
2028-06-09,"amiss"
2028-06-10,"skunk"
2028-06-11,"silly"
2028-06-12,"remix"
2028-06-13,"needs"
2028-06-14,"satyr"
2028-06-15,"roods"
2028-06-16,"signs"
2028-06-17,"spoke"
2028-06-18,"musky"
2028-06-19,"bates"
2028-06-20,"whale"
2028-06-21,"plump"
2028-06-22,"porch"
2028-06-23,"relic"
2028-06-24,"kinks"
2028-06-25,"jaded"
2028-06-26,"bosom"
2028-06-27,"helms"
2028-06-28,"gilds"
2028-06-29,"fours"
2028-06-30,"young"
2028-07-01,"shies"
2028-07-02,"seize"
2028-07-03,"pokes"
2028-07-04,"boats"
2028-07-05,"coyer"
2028-07-06,"hires"
2028-07-07,"stubs"
2028-07-08,"liken"
2028-07-09,"quoit"
2028-07-10,"stony"
2028-07-11,"ramps"
2028-07-12,"corms"
2028-07-13,"spook"
2028-07-14,"gluts"
2028-07-15,"lapse"
2028-07-16,"acted"
2028-07-17,"chomp"
2028-07-18,"purer"
2028-07-19,"pasha"
2028-07-20,"frank"
2028-07-21,"along"
2028-07-22,"strap"
2028-07-23,"stein"
2028-07-24,"trail"
2028-07-25,"until"
2028-07-26,"dairy"
2028-07-27,"newer"
2028-07-28,"birth"
2028-07-29,"bitty"
2028-07-30,"heats"
2028-07-31,"reads"
2028-08-01,"icily"
2028-08-02,"axles"
2028-08-03,"tunic"
2028-08-04,"guide"
2028-08-05,"nests"
2028-08-06,"combs"
2028-08-07,"elder"
2028-08-08,"lithe"
2028-08-09,"algal"
2028-08-10,"elves"
2028-08-11,"small"
2028-08-12,"porno"
2028-08-13,"wefts"
2028-08-14,"whirs"
2028-08-15,"bolls"
2028-08-16,"heads"
2028-08-17,"shits"
2028-08-18,"strip"
2028-08-19,"horse"
2028-08-20,"filed"
2028-08-21,"viola"
2028-08-22,"nylon"
2028-08-23,"rural"
2028-08-24,"final"
2028-08-25,"torus"
2028-08-26,"peaky"
2028-08-27,"shook"
2028-08-28,"serum"
2028-08-29,"hexes"
2028-08-30,"ketch"
2028-08-31,"oinks"
2028-09-01,"screw"
2028-09-02,"smurf"
2028-09-03,"knurl"
2028-09-04,"motes"
2028-09-05,"fares"
2028-09-06,"glitz"
2028-09-07,"muggy"
2028-09-08,"ledge"
2028-09-09,"lemma"
2028-09-10,"zeros"
2028-09-11,"faded"
2028-09-12,"pesky"
2028-09-13,"pygmy"
2028-09-14,"acids"
2028-09-15,"sooth"
2028-09-16,"wombs"
2028-09-17,"dimer"
2028-09-18,"prows"
2028-09-19,"coach"
2028-09-20,"joust"
2028-09-21,"tried"
2028-09-22,"jaunt"
2028-09-23,"bells"
2028-09-24,"lubes"
2028-09-25,"imams"
2028-09-26,"licks"
2028-09-27,"writs"
2028-09-28,"swell"
2028-09-29,"casks"
2028-09-30,"glade"
2028-10-01,"space"
2028-10-02,"comic"
2028-10-03,"scuba"
2028-10-04,"rifle"
2028-10-05,"bairn"
2028-10-06,"bozos"
2028-10-07,"gawky"
2028-10-08,"trill"
2028-10-09,"goats"
2028-10-10,"tipsy"
2028-10-11,"tides"
2028-10-12,"humor"
2028-10-13,"jeans"
2028-10-14,"wiles"
2028-10-15,"board"
2028-10-16,"tarns"
2028-10-17,"ached"
2028-10-18,"clods"
2028-10-19,"wacky"
2028-10-20,"kiddo"
2028-10-21,"ladle"
2028-10-22,"brats"
2028-10-23,"tinny"
2028-10-24,"twink"
2028-10-25,"think"
2028-10-26,"front"
2028-10-27,"flare"
2028-10-28,"fella"
2028-10-29,"wanly"
2028-10-30,"slunk"
2028-10-31,"smogs"
2028-11-01,"rages"
2028-11-02,"harks"
2028-11-03,"atoms"
2028-11-04,"rides"
2028-11-05,"graze"
2028-11-06,"pests"
2028-11-07,"loses"
2028-11-08,"rants"
2028-11-09,"suety"
2028-11-10,"beefy"
2028-11-11,"dryly"
2028-11-12,"flits"
2028-11-13,"mules"
2028-11-14,"lauds"
2028-11-15,"pleat"
2028-11-16,"lemme"
2028-11-17,"wetly"
2028-11-18,"egged"
2028-11-19,"geese"
2028-11-20,"dogma"
2028-11-21,"copra"
2028-11-22,"apple"
2028-11-23,"chars"
2028-11-24,"vivas"
2028-11-25,"crass"
2028-11-26,"jocks"
2028-11-27,"sprog"
2028-11-28,"vetch"
2028-11-29,"range"
2028-11-30,"first"
2028-12-01,"fetus"
2028-12-02,"suits"
2028-12-03,"rakes"
2028-12-04,"farms"
2028-12-05,"exert"
2028-12-06,"drink"
2028-12-07,"oaten"
2028-12-08,"unman"
2028-12-09,"atilt"
2028-12-10,"flown"
2028-12-11,"roman"
2028-12-12,"chits"
2028-12-13,"below"
2028-12-14,"piing"
2028-12-15,"middy"
2028-12-16,"nicer"
2028-12-17,"happy"
2028-12-18,"envoy"
2028-12-19,"omens"
2028-12-20,"mungs"
2028-12-21,"inlay"
2028-12-22,"edger"
2028-12-23,"liter"
2028-12-24,"bogie"
2028-12-25,"lusty"
2028-12-26,"tonal"
2028-12-27,"bytes"
2028-12-28,"broil"
2028-12-29,"pinks"
2028-12-30,"chaps"
2028-12-31,"sauna"
2029-01-01,"dorky"
2029-01-02,"cages"
2029-01-03,"soupy"
2029-01-04,"adman"
2029-01-05,"spins"
2029-01-06,"rests"
2029-01-07,"stump"
2029-01-08,"borne"
2029-01-09,"taxis"
2029-01-10,"rivet"
2029-01-11,"damps"
2029-01-12,"gaunt"
2029-01-13,"moles"
2029-01-14,"maria"
2029-01-15,"inset"
2029-01-16,"pound"
2029-01-17,"sloop"
2029-01-18,"atria"
2029-01-19,"berth"
2029-01-20,"forgo"
2029-01-21,"lutes"
2029-01-22,"mazes"
2029-01-23,"septa"
2029-01-24,"cruft"
2029-01-25,"flues"
2029-01-26,"lodge"
2029-01-27,"loath"
2029-01-28,"randy"
2029-01-29,"rabbi"
2029-01-30,"drape"
2029-01-31,"preps"
2029-02-01,"dunno"
2029-02-02,"obits"
2029-02-03,"noisy"
2029-02-04,"resew"
2029-02-05,"share"
2029-02-06,"gored"
2029-02-07,"flout"
2029-02-08,"shush"
2029-02-09,"becks"
2029-02-10,"slats"
2029-02-11,"butte"
2029-02-12,"lopes"
2029-02-13,"bacon"
2029-02-14,"creel"
2029-02-15,"wield"
2029-02-16,"poles"
2029-02-17,"limed"
2029-02-18,"wormy"
2029-02-19,"thank"
2029-02-20,"hired"
2029-02-21,"perky"
2029-02-22,"sties"
2029-02-23,"palls"
2029-02-24,"comfy"
2029-02-25,"brass"
2029-02-26,"whole"
2029-02-27,"paste"
2029-02-28,"weave"
2029-03-01,"mused"
2029-03-02,"strum"
2029-03-03,"demos"
2029-03-04,"ovals"
2029-03-05,"viand"
2029-03-06,"defer"
2029-03-07,"kinds"
2029-03-08,"never"
2029-03-09,"gassy"
2029-03-10,"equip"
2029-03-11,"snore"
2029-03-12,"mosey"
2029-03-13,"month"
2029-03-14,"radar"
2029-03-15,"bally"
2029-03-16,"phony"
2029-03-17,"beans"
2029-03-18,"evens"
2029-03-19,"total"
2029-03-20,"keens"
2029-03-21,"meaty"
2029-03-22,"areal"
2029-03-23,"kicky"
2029-03-24,"amber"
2029-03-25,"daisy"
2029-03-26,"idler"
2029-03-27,"sitar"
2029-03-28,"hippo"
2029-03-29,"fossa"
2029-03-30,"solid"
2029-03-31,"agape"
2029-04-01,"shahs"
2029-04-02,"doped"
2029-04-03,"tanks"
2029-04-04,"panes"
2029-04-05,"dyers"
2029-04-06,"tomes"
2029-04-07,"fight"
2029-04-08,"tawny"
2029-04-09,"recto"
2029-04-10,"forks"
2029-04-11,"strew"
2029-04-12,"sighs"
2029-04-13,"swill"
2029-04-14,"lever"
2029-04-15,"motor"
2029-04-16,"bergs"
2029-04-17,"plaza"
2029-04-18,"payer"
2029-04-19,"enjoy"
2029-04-20,"melds"
2029-04-21,"scuds"
2029-04-22,"lured"
2029-04-23,"pinto"
2029-04-24,"howls"
2029-04-25,"bower"
2029-04-26,"hazel"
2029-04-27,"bands"
2029-04-28,"saint"
2029-04-29,"cuber"
2029-04-30,"jinks"
2029-05-01,"agave"
2029-05-02,"calms"
2029-05-03,"ounce"
2029-05-04,"curer"
2029-05-05,"boots"
2029-05-06,"molts"
2029-05-07,"silts"
2029-05-08,"revel"
2029-05-09,"brood"
2029-05-10,"kayos"
2029-05-11,"fraud"
2029-05-12,"shalt"
2029-05-13,"hotel"
2029-05-14,"golds"
2029-05-15,"teeth"
2029-05-16,"waled"
2029-05-17,"sneer"
2029-05-18,"major"
2029-05-19,"eased"
2029-05-20,"abuse"
2029-05-21,"amide"
2029-05-22,"altar"
2029-05-23,"barmy"
2029-05-24,"scats"
2029-05-25,"honer"
2029-05-26,"hussy"
2029-05-27,"evict"
2029-05-28,"fouls"
2029-05-29,"audit"
2029-05-30,"glens"
2029-05-31,"peaks"
2029-06-01,"telly"
2029-06-02,"cruel"
2029-06-03,"apses"
2029-06-04,"laxly"
2029-06-05,"alone"
2029-06-06,"elegy"
2029-06-07,"kites"
2029-06-08,"based"
2029-06-09,"guest"
2029-06-10,"fives"
2029-06-11,"buyer"
2029-06-12,"briny"
2029-06-13,"nerds"
2029-06-14,"black"
2029-06-15,"fagot"
2029-06-16,"ninny"
2029-06-17,"mossy"
2029-06-18,"lends"
2029-06-19,"plaid"
2029-06-20,"usher"
2029-06-21,"grown"
2029-06-22,"force"
2029-06-23,"fruit"
2029-06-24,"manna"
2029-06-25,"shine"
2029-06-26,"leave"
2029-06-27,"brisk"
2029-06-28,"snout"
2029-06-29,"drunk"
2029-06-30,"laved"
2029-07-01,"globe"
2029-07-02,"china"
2029-07-03,"knees"
2029-07-04,"notch"
2029-07-05,"facet"
2029-07-06,"joist"
2029-07-07,"vagus"
2029-07-08,"balms"
2029-07-09,"pouch"
2029-07-10,"sulks"
2029-07-11,"sperm"
2029-07-12,"herbs"
2029-07-13,"shoes"
2029-07-14,"balmy"
2029-07-15,"honor"
2029-07-16,"hicks"
2029-07-17,"hooey"
2029-07-18,"laths"
2029-07-19,"wilds"
2029-07-20,"races"
2029-07-21,"drank"
2029-07-22,"yucca"
2029-07-23,"corks"
2029-07-24,"befit"
2029-07-25,"chasm"
2029-07-26,"hippy"
2029-07-27,"copse"
2029-07-28,"spade"
2029-07-29,"cocoa"
2029-07-30,"frogs"
2029-07-31,"bowls"
2029-08-01,"urges"
2029-08-02,"holed"
2029-08-03,"sumac"
2029-08-04,"ghost"
2029-08-05,"creme"
2029-08-06,"elfin"
2029-08-07,"chuck"
2029-08-08,"blues"
2029-08-09,"bunch"
2029-08-10,"steno"
2029-08-11,"weirs"
2029-08-12,"audio"
2029-08-13,"nonce"
2029-08-14,"count"
2029-08-15,"burls"
2029-08-16,"limes"
2029-08-17,"skate"
2029-08-18,"banes"
2029-08-19,"hiker"
2029-08-20,"filch"
2029-08-21,"pushy"
2029-08-22,"antes"
2029-08-23,"stoop"
2029-08-24,"cover"
2029-08-25,"blare"
2029-08-26,"duple"
2029-08-27,"plant"
2029-08-28,"tubal"
2029-08-29,"harts"
2029-08-30,"opted"
2029-08-31,"eider"
2029-09-01,"kinda"
2029-09-02,"grist"
2029-09-03,"galas"
2029-09-04,"clink"
2029-09-05,"finks"
2029-09-06,"boost"
2029-09-07,"louse"
2029-09-08,"bales"
2029-09-09,"admix"
2029-09-10,"aught"
2029-09-11,"chaff"
2029-09-12,"bulls"
2029-09-13,"yield"
2029-09-14,"minis"
2029-09-15,"doing"
2029-09-16,"donor"
2029-09-17,"belay"
2029-09-18,"naked"
2029-09-19,"three"
2029-09-20,"cobra"
2029-09-21,"fumes"
2029-09-22,"renew"
2029-09-23,"deist"
2029-09-24,"trees"
2029-09-25,"brims"
2029-09-26,"moans"
2029-09-27,"hammy"
2029-09-28,"flint"
2029-09-29,"fonts"
2029-09-30,"pries"
2029-10-01,"unfed"
2029-10-02,"brute"
2029-10-03,"spear"
2029-10-04,"oldie"
2029-10-05,"lulus"
2029-10-06,"piety"
2029-10-07,"warty"
2029-10-08,"unlit"
2029-10-09,"flair"
2029-10-10,"bulks"
2029-10-11,"miler"
2029-10-12,"nudes"
2029-10-13,"gores"
2029-10-14,"green"
2029-10-15,"fucks"
2029-10-16,"state"
2029-10-17,"glows"
2029-10-18,"inure"
2029-10-19,"poesy"
2029-10-20,"shots"
2029-10-21,"plane"
2029-10-22,"flock"
2029-10-23,"swaps"
2029-10-24,"older"
2029-10-25,"fleet"
2029-10-26,"scene"
2029-10-27,"dodos"
2029-10-28,"hypos"
2029-10-29,"these"
2029-10-30,"model"
2029-10-31,"laugh"
2029-11-01,"tract"
2029-11-02,"locos"
2029-11-03,"fangs"
2029-11-04,"glans"
2029-11-05,"cuing"
2029-11-06,"lipid"
2029-11-07,"lotto"
2029-11-08,"saved"
2029-11-09,"parka"
2029-11-10,"knows"
2029-11-11,"bores"
2029-11-12,"ivory"
2029-11-13,"wicks"
2029-11-14,"crown"
2029-11-15,"beard"
2029-11-16,"slues"
2029-11-17,"hovel"
2029-11-18,"peppy"
2029-11-19,"corer"
2029-11-20,"filet"
2029-11-21,"dodgy"
2029-11-22,"nukes"
2029-11-23,"lards"
2029-11-24,"steer"
2029-11-25,"pours"
2029-11-26,"woofs"
2029-11-27,"hawed"
2029-11-28,"forts"
2029-11-29,"uvula"
2029-11-30,"saber"
2029-12-01,"pedal"
2029-12-02,"carat"
2029-12-03,"shyly"
2029-12-04,"sloes"
2029-12-05,"diets"
2029-12-06,"quest"
2029-12-07,"which"
2029-12-08,"amino"
2029-12-09,"shell"
2029-12-10,"swath"
2029-12-11,"moods"
2029-12-12,"patsy"
2029-12-13,"tango"
2029-12-14,"facts"
2029-12-15,"gyros"
2029-12-16,"story"
2029-12-17,"tacky"
2029-12-18,"smear"
2029-12-19,"means"
2029-12-20,"scrum"
2029-12-21,"quasi"
2029-12-22,"cutup"
2029-12-23,"crush"
2029-12-24,"inane"
2029-12-25,"talks"
2029-12-26,"edict"
2029-12-27,"waive"
2029-12-28,"colon"
2029-12-29,"inapt"
2029-12-30,"flute"
2029-12-31,"gumbo"
2030-01-01,"sigma"
2030-01-02,"patio"
2030-01-03,"toyed"
2030-01-04,"reeve"
2030-01-05,"polio"
2030-01-06,"grail"
2030-01-07,"pupil"
2030-01-08,"video"
2030-01-09,"krill"
2030-01-10,"alert"
2030-01-11,"blank"
2030-01-12,"craft"
2030-01-13,"spans"
2030-01-14,"vised"
2030-01-15,"thees"
2030-01-16,"weest"
2030-01-17,"cusps"
2030-01-18,"dingy"
2030-01-19,"beery"
2030-01-20,"moxie"
2030-01-21,"plume"
2030-01-22,"boozy"
2030-01-23,"combo"
2030-01-24,"aster"
2030-01-25,"cache"
2030-01-26,"fined"
2030-01-27,"exude"
2030-01-28,"spiff"
2030-01-29,"bleed"
2030-01-30,"scrub"
2030-01-31,"ovoid"
2030-02-01,"snobs"
2030-02-02,"melon"
2030-02-03,"turfs"
2030-02-04,"grand"
2030-02-05,"strop"
2030-02-06,"boxed"
2030-02-07,"suede"
2030-02-08,"tenon"
2030-02-09,"vixen"
2030-02-10,"heave"
2030-02-11,"doted"
2030-02-12,"sired"
2030-02-13,"inked"
2030-02-14,"fizzy"
2030-02-15,"racks"
2030-02-16,"value"
2030-02-17,"byway"
2030-02-18,"deity"
2030-02-19,"flick"
2030-02-20,"roust"
2030-02-21,"execs"
2030-02-22,"empty"
2030-02-23,"shoal"
2030-02-24,"shoat"
2030-02-25,"sable"
2030-02-26,"mushy"
2030-02-27,"omega"
2030-02-28,"girds"
2030-03-01,"sizer"
2030-03-02,"chaos"
2030-03-03,"liner"
2030-03-04,"lobes"
2030-03-05,"bride"
2030-03-06,"awing"
2030-03-07,"fatty"
2030-03-08,"vogue"
2030-03-09,"width"
2030-03-10,"tabor"
2030-03-11,"rends"
2030-03-12,"apart"
2030-03-13,"frisk"
2030-03-14,"quell"
2030-03-15,"peons"
2030-03-16,"cooed"
2030-03-17,"mercy"
2030-03-18,"houri"
2030-03-19,"pizza"
2030-03-20,"turfy"
2030-03-21,"cried"
2030-03-22,"lease"
2030-03-23,"gluey"
2030-03-24,"unite"
2030-03-25,"creek"
2030-03-26,"fusty"
2030-03-27,"venal"
2030-03-28,"poops"
2030-03-29,"frame"
2030-03-30,"dings"
2030-03-31,"coeds"
2030-04-01,"hived"
2030-04-02,"loans"
2030-04-03,"sedan"
2030-04-04,"credo"
2030-04-05,"liege"
2030-04-06,"covet"
2030-04-07,"began"
2030-04-08,"smite"
2030-04-09,"oxide"
2030-04-10,"yeses"
2030-04-11,"moots"
2030-04-12,"chary"
2030-04-13,"moors"
2030-04-14,"picky"
2030-04-15,"begat"
2030-04-16,"canon"
2030-04-17,"looks"
2030-04-18,"honky"
2030-04-19,"purrs"
2030-04-20,"sings"
2030-04-21,"cries"
2030-04-22,"khans"
2030-04-23,"galls"
2030-04-24,"tuner"
2030-04-25,"zoned"
2030-04-26,"banjo"
2030-04-27,"taupe"
2030-04-28,"rears"
2030-04-29,"rowan"
2030-04-30,"elide"
2030-05-01,"tubes"
2030-05-02,"scour"
2030-05-03,"scows"
2030-05-04,"allot"
2030-05-05,"spunk"
2030-05-06,"gnats"
2030-05-07,"suave"
2030-05-08,"flows"
2030-05-09,"looms"
2030-05-10,"votes"
2030-05-11,"polar"
2030-05-12,"towed"
2030-05-13,"weepy"
2030-05-14,"culls"
2030-05-15,"uncle"
2030-05-16,"loopy"
2030-05-17,"unzip"
2030-05-18,"gunky"
2030-05-19,"bloke"
2030-05-20,"serge"
2030-05-21,"studs"
2030-05-22,"carer"
2030-05-23,"grasp"
2030-05-24,"urban"
2030-05-25,"remit"
2030-05-26,"shaky"
2030-05-27,"dwarf"
2030-05-28,"dacha"
2030-05-29,"about"
2030-05-30,"bumph"
2030-05-31,"husks"
2030-06-01,"twigs"
2030-06-02,"tempo"
2030-06-03,"finds"
2030-06-04,"frets"
2030-06-05,"ethyl"
2030-06-06,"busts"
2030-06-07,"hafts"
2030-06-08,"pones"
2030-06-09,"third"
2030-06-10,"dealt"
2030-06-11,"nasty"
2030-06-12,"setup"
2030-06-13,"drabs"
2030-06-14,"block"
2030-06-15,"yahoo"
2030-06-16,"snoop"
2030-06-17,"datum"
2030-06-18,"covey"
2030-06-19,"schwa"
2030-06-20,"parts"
2030-06-21,"penny"
2030-06-22,"pores"
2030-06-23,"blurb"
2030-06-24,"halos"
2030-06-25,"growl"
2030-06-26,"bandy"
2030-06-27,"funny"
2030-06-28,"exams"
2030-06-29,"quote"
2030-06-30,"aerie"
2030-07-01,"cites"
2030-07-02,"blood"
2030-07-03,"deify"
2030-07-04,"mulch"
2030-07-05,"doubt"
2030-07-06,"exalt"
2030-07-07,"yokel"
2030-07-08,"adorn"
2030-07-09,"joeys"
2030-07-10,"venue"
2030-07-11,"bests"
2030-07-12,"yells"
2030-07-13,"waist"
2030-07-14,"ropes"
2030-07-15,"frond"
2030-07-16,"easel"
2030-07-17,"waver"
2030-07-18,"smack"
2030-07-19,"slink"
2030-07-20,"peers"
2030-07-21,"skein"
2030-07-22,"mural"
2030-07-23,"scout"
2030-07-24,"silks"
2030-07-25,"sexes"
2030-07-26,"altos"
2030-07-27,"barks"
2030-07-28,"breed"
2030-07-29,"wimpy"
2030-07-30,"award"
2030-07-31,"quart"
2030-08-01,"heady"
2030-08-02,"given"
2030-08-03,"jetty"
2030-08-04,"moves"
2030-08-05,"spawn"
2030-08-06,"owned"
2030-08-07,"nosed"
2030-08-08,"cadge"
2030-08-09,"slump"
2030-08-10,"slurs"
2030-08-11,"excel"
2030-08-12,"foyer"
2030-08-13,"trait"
2030-08-14,"hinds"
2030-08-15,"scorn"
2030-08-16,"trams"
2030-08-17,"teems"
2030-08-18,"umbel"
2030-08-19,"fluff"
2030-08-20,"furor"
2030-08-21,"neath"
2030-08-22,"jolts"
2030-08-23,"lunar"
2030-08-24,"calks"
2030-08-25,"mumps"
2030-08-26,"erupt"
2030-08-27,"seine"
2030-08-28,"gonna"
2030-08-29,"yarns"
2030-08-30,"rices"
2030-08-31,"mammy"
2030-09-01,"tents"
2030-09-02,"taboo"
2030-09-03,"anvil"
2030-09-04,"plumy"
2030-09-05,"haunt"
2030-09-06,"trice"
2030-09-07,"hydro"
2030-09-08,"hunts"
2030-09-09,"fetid"
2030-09-10,"lures"
2030-09-11,"thigh"
2030-09-12,"lurid"
2030-09-13,"plots"
2030-09-14,"tells"
2030-09-15,"howdy"
2030-09-16,"mince"
2030-09-17,"admen"
2030-09-18,"gorge"
2030-09-19,"thugs"
2030-09-20,"dares"
2030-09-21,"mania"
2030-09-22,"diced"
2030-09-23,"dater"
2030-09-24,"jazzy"
2030-09-25,"bible"
2030-09-26,"voxel"
2030-09-27,"worst"
2030-09-28,"ridge"
2030-09-29,"sorts"
2030-09-30,"sedgy"
2030-10-01,"atlas"
2030-10-02,"field"
2030-10-03,"rinks"
2030-10-04,"grads"
2030-10-05,"occur"
2030-10-06,"tolls"
2030-10-07,"cheer"
2030-10-08,"rearm"
2030-10-09,"jowls"
2030-10-10,"finis"
2030-10-11,"wooer"
2030-10-12,"swung"
2030-10-13,"toils"
2030-10-14,"hands"
2030-10-15,"gecko"
2030-10-16,"agree"
2030-10-17,"dippy"
2030-10-18,"chant"
2030-10-19,"items"
2030-10-20,"endow"
2030-10-21,"thine"
2030-10-22,"tongs"
2030-10-23,"flake"
2030-10-24,"avers"
2030-10-25,"trier"
2030-10-26,"mirth"
2030-10-27,"filmy"
2030-10-28,"nerve"
2030-10-29,"lemur"
2030-10-30,"remap"
2030-10-31,"craze"
2030-11-01,"antic"
2030-11-02,"birch"
2030-11-03,"cheap"
2030-11-04,"stuns"
2030-11-05,"safer"
2030-11-06,"flogs"
2030-11-07,"demon"
2030-11-08,"linty"
2030-11-09,"vital"
2030-11-10,"narcs"
2030-11-11,"seeds"
2030-11-12,"faddy"
2030-11-13,"mummy"
2030-11-14,"conch"
2030-11-15,"toots"
2030-11-16,"fuzzy"
2030-11-17,"dream"
2030-11-18,"shags"
2030-11-19,"scums"
2030-11-20,"faces"
2030-11-21,"toads"
2030-11-22,"pains"
2030-11-23,"coifs"
2030-11-24,"shame"
2030-11-25,"caged"
2030-11-26,"brief"
2030-11-27,"winch"
2030-11-28,"wench"
2030-11-29,"crick"
2030-11-30,"soapy"
2030-12-01,"cynic"
2030-12-02,"minks"
2030-12-03,"alpha"
2030-12-04,"snuff"
2030-12-05,"mulct"
2030-12-06,"shirk"
2030-12-07,"amine"
2030-12-08,"mulls"
2030-12-09,"wakes"
2030-12-10,"nacho"
2030-12-11,"palmy"
2030-12-12,"pesto"
2030-12-13,"shale"
2030-12-14,"deism"
2030-12-15,"optic"
2030-12-16,"madly"
2030-12-17,"cones"
2030-12-18,"purge"
2030-12-19,"jumbo"
2030-12-20,"booby"
2030-12-21,"drier"
2030-12-22,"mauve"
2030-12-23,"homer"
2030-12-24,"timed"
2030-12-25,"loser"
2030-12-26,"bully"
2030-12-27,"hydra"
2030-12-28,"slosh"
2030-12-29,"mater"
2030-12-30,"scars"
2030-12-31,"riven"
2031-01-01,"aches"
2031-01-02,"rifts"
2031-01-03,"loony"
2031-01-04,"gland"
2031-01-05,"manly"
2031-01-06,"ousts"
2031-01-07,"lowly"
2031-01-08,"clues"
2031-01-09,"swash"
2031-01-10,"digit"
2031-01-11,"sylph"
2031-01-12,"cater"
2031-01-13,"auger"
2031-01-14,"musts"
2031-01-15,"bread"
2031-01-16,"dines"
2031-01-17,"moped"
2031-01-18,"spumy"
2031-01-19,"butch"
2031-01-20,"pairs"
2031-01-21,"gaits"
2031-01-22,"blurt"
2031-01-23,"boffo"
2031-01-24,"gimme"
2031-01-25,"raped"
2031-01-26,"temps"
2031-01-27,"tweed"
2031-01-28,"bloom"
2031-01-29,"slyly"
2031-01-30,"cares"
2031-01-31,"wordy"
2031-02-01,"medal"
2031-02-02,"skiff"
2031-02-03,"kebab"
2031-02-04,"cirri"
2031-02-05,"colas"
2031-02-06,"hauls"
2031-02-07,"grace"
2031-02-08,"swore"
2031-02-09,"bight"
2031-02-10,"lippy"
2031-02-11,"silky"
2031-02-12,"dwelt"
2031-02-13,"amass"
2031-02-14,"nears"
2031-02-15,"crude"
2031-02-16,"hedge"
2031-02-17,"dined"
2031-02-18,"would"
2031-02-19,"rapes"
2031-02-20,"canto"
2031-02-21,"poufs"
2031-02-22,"inlet"
2031-02-23,"divvy"
2031-02-24,"waved"
2031-02-25,"curie"
2031-02-26,"torts"
2031-02-27,"tails"
2031-02-28,"toque"
2031-03-01,"fazed"
2031-03-02,"cruet"
2031-03-03,"adzes"
2031-03-04,"meant"
2031-03-05,"sushi"
2031-03-06,"elbow"
2031-03-07,"skins"
2031-03-08,"ashen"
2031-03-09,"maces"
2031-03-10,"famed"
2031-03-11,"jenny"
2031-03-12,"pulpy"
2031-03-13,"mixes"
2031-03-14,"maser"
2031-03-15,"water"
2031-03-16,"sibyl"
2031-03-17,"wasps"
2031-03-18,"unsay"
2031-03-19,"duels"
2031-03-20,"wring"
2031-03-21,"dusts"
2031-03-22,"keeps"
2031-03-23,"mired"
2031-03-24,"tykes"
2031-03-25,"waifs"
2031-03-26,"ranks"
2031-03-27,"nadir"
2031-03-28,"pages"
2031-03-29,"lasts"
2031-03-30,"peach"
2031-03-31,"wryer"
2031-04-01,"brigs"
2031-04-02,"hypes"
2031-04-03,"cools"
2031-04-04,"garbs"
2031-04-05,"decaf"
2031-04-06,"belch"
2031-04-07,"aural"
2031-04-08,"flyby"
2031-04-09,"basis"
2031-04-10,"shift"
2031-04-11,"eland"
2031-04-12,"gangs"
2031-04-13,"girth"
2031-04-14,"fluid"
2031-04-15,"golfs"
2031-04-16,"sodas"
2031-04-17,"punch"
2031-04-18,"wince"
2031-04-19,"nisei"
2031-04-20,"yurts"
2031-04-21,"sicks"
2031-04-22,"forum"
2031-04-23,"logic"
2031-04-24,"dunce"
2031-04-25,"auras"
2031-04-26,"genes"
2031-04-27,"flush"
2031-04-28,"sober"
2031-04-29,"dorms"
2031-04-30,"hilts"
2031-05-01,"radio"
2031-05-02,"kilns"
2031-05-03,"abbey"
2031-05-04,"amaze"
2031-05-05,"lingo"
2031-05-06,"lurch"
2031-05-07,"spits"
2031-05-08,"tater"
2031-05-09,"rigor"
2031-05-10,"sinew"
2031-05-11,"sisal"
2031-05-12,"abode"
2031-05-13,"sines"
2031-05-14,"sluts"
2031-05-15,"cuppa"
2031-05-16,"rumba"
2031-05-17,"gases"
2031-05-18,"busby"
2031-05-19,"mewed"
2031-05-20,"snood"
2031-05-21,"ulnar"
2031-05-22,"loads"
2031-05-23,"lazes"
2031-05-24,"ilium"
2031-05-25,"preen"
2031-05-26,"grunt"
2031-05-27,"sahib"
2031-05-28,"stand"
2031-05-29,"moats"
2031-05-30,"oaken"
2031-05-31,"adult"
2031-06-01,"burnt"
2031-06-02,"roper"
2031-06-03,"stirs"
2031-06-04,"grill"
2031-06-05,"cited"
2031-06-06,"tarry"
2031-06-07,"essay"
2031-06-08,"boned"
2031-06-09,"tacks"
2031-06-10,"vapes"
2031-06-11,"torte"
2031-06-12,"sorer"
2031-06-13,"paean"
2031-06-14,"coded"
2031-06-15,"shyer"
2031-06-16,"keyed"
2031-06-17,"dudes"
2031-06-18,"flash"
2031-06-19,"winds"
2031-06-20,"fifty"
2031-06-21,"siren"
2031-06-22,"freed"
2031-06-23,"rabid"
2031-06-24,"exile"
2031-06-25,"onset"
2031-06-26,"style"
2031-06-27,"trade"
2031-06-28,"mecca"
2031-06-29,"foods"
2031-06-30,"dance"
2031-07-01,"comps"
2031-07-02,"pubic"
2031-07-03,"panda"
2031-07-04,"helps"
2031-07-05,"aitch"
2031-07-06,"trips"
2031-07-07,"visas"
2031-07-08,"rheas"
2031-07-09,"mutts"
2031-07-10,"maced"
2031-07-11,"skims"
2031-07-12,"caked"
2031-07-13,"stalk"
2031-07-14,"flour"
2031-07-15,"preys"
2031-07-16,"halts"
2031-07-17,"sheep"
2031-07-18,"pally"
2031-07-19,"acing"
2031-07-20,"bossy"
2031-07-21,"softy"
2031-07-22,"vials"
2031-07-23,"rusty"
2031-07-24,"mopes"
2031-07-25,"maxim"
2031-07-26,"ruses"
2031-07-27,"mails"
2031-07-28,"dusty"
2031-07-29,"beets"
2031-07-30,"reefs"
2031-07-31,"pumas"
2031-08-01,"fried"
2031-08-02,"depth"
2031-08-03,"fancy"
2031-08-04,"hoofs"
2031-08-05,"wears"
2031-08-06,"drill"
2031-08-07,"ducat"
2031-08-08,"myrrh"
2031-08-09,"newel"
2031-08-10,"grabs"
2031-08-11,"golly"
2031-08-12,"crust"
2031-08-13,"hurry"
2031-08-14,"hares"
2031-08-15,"slurp"
2031-08-16,"jello"
2031-08-17,"morph"
2031-08-18,"yukky"
2031-08-19,"discs"
2031-08-20,"frigs"
2031-08-21,"rover"
2031-08-22,"patty"
2031-08-23,"cedar"
2031-08-24,"julep"
2031-08-25,"stone"
2031-08-26,"ritzy"
2031-08-27,"dopey"
2031-08-28,"lings"
2031-08-29,"wined"
2031-08-30,"weary"
2031-08-31,"ghoul"
2031-09-01,"daubs"
2031-09-02,"rills"
2031-09-03,"rondo"
2031-09-04,"hogan"
2031-09-05,"wheat"
2031-09-06,"kills"
2031-09-07,"shank"
2031-09-08,"lardy"
2031-09-09,"bated"
2031-09-10,"supra"
2031-09-11,"human"
2031-09-12,"prong"
2031-09-13,"snipe"
2031-09-14,"rocks"
2031-09-15,"glaze"
2031-09-16,"ninth"
2031-09-17,"domed"
2031-09-18,"error"
2031-09-19,"kluge"
2031-09-20,"juicy"
2031-09-21,"deter"
2031-09-22,"tangs"
2031-09-23,"lento"
2031-09-24,"carny"
2031-09-25,"dinky"
2031-09-26,"gazed"
2031-09-27,"hooch"
2031-09-28,"dikes"
2031-09-29,"aloft"
2031-09-30,"adopt"
2031-10-01,"lager"
2031-10-02,"pitas"
2031-10-03,"quilt"
2031-10-04,"chalk"
2031-10-05,"hails"
2031-10-06,"dildo"
2031-10-07,"slime"
2031-10-08,"loyal"
2031-10-09,"winks"
2031-10-10,"taxed"
2031-10-11,"rents"
2031-10-12,"dower"
2031-10-13,"pilaf"
2031-10-14,"croup"
2031-10-15,"troth"
2031-10-16,"hexed"
2031-10-17,"synod"
2031-10-18,"wafer"
2031-10-19,"whams"
2031-10-20,"draft"
2031-10-21,"rules"
2031-10-22,"heron"
2031-10-23,"avoid"
2031-10-24,"query"
2031-10-25,"trews"
2031-10-26,"hello"
2031-10-27,"sifts"
2031-10-28,"campy"
2031-10-29,"crams"
2031-10-30,"tenth"
2031-10-31,"batch"
2031-11-01,"brave"
2031-11-02,"cider"
2031-11-03,"ocean"
2031-11-04,"calla"
2031-11-05,"uncap"
2031-11-06,"pseud"
2031-11-07,"homey"
2031-11-08,"daffy"
2031-11-09,"coxes"
2031-11-10,"bills"
2031-11-11,"songs"
2031-11-12,"gamma"
2031-11-13,"blast"
2031-11-14,"ridgy"
2031-11-15,"pucks"
2031-11-16,"macaw"
2031-11-17,"damns"
2031-11-18,"conks"
2031-11-19,"thaws"
2031-11-20,"quoin"
2031-11-21,"doled"
2031-11-22,"swift"
2031-11-23,"ovate"
2031-11-24,"cents"
2031-11-25,"brays"
2031-11-26,"views"
2031-11-27,"ovule"
2031-11-28,"email"
2031-11-29,"bonks"
2031-11-30,"lefty"
2031-12-01,"robin"
2031-12-02,"latin"
2031-12-03,"tooth"
2031-12-04,"pause"
2031-12-05,"cords"
2031-12-06,"dying"
2031-12-07,"broom"
2031-12-08,"rogue"
2031-12-09,"naiad"
2031-12-10,"ideas"
2031-12-11,"leaks"
2031-12-12,"tombs"
2031-12-13,"ceded"
2031-12-14,"byres"
2031-12-15,"trump"
2031-12-16,"knead"
2031-12-17,"bruit"
2031-12-18,"basso"
2031-12-19,"waves"
2031-12-20,"rouge"
2031-12-21,"snips"
2031-12-22,"fleas"
2031-12-23,"chert"
2031-12-24,"mount"
2031-12-25,"veers"
2031-12-26,"rider"
2031-12-27,"budge"
2031-12-28,"slain"
2031-12-29,"zebus"
2031-12-30,"twixt"
2031-12-31,"works"
2032-01-01,"gloom"
2032-01-02,"lying"
2032-01-03,"bless"
2032-01-04,"giant"
2032-01-05,"cunts"
2032-01-06,"kazoo"
2032-01-07,"bumpy"
2032-01-08,"razed"
2032-01-09,"aptly"
2032-01-10,"moose"
2032-01-11,"carve"
2032-01-12,"waxes"
2032-01-13,"theta"
2032-01-14,"crier"
2032-01-15,"squad"
2032-01-16,"gyved"
2032-01-17,"libel"
2032-01-18,"pious"
2032-01-19,"movie"
2032-01-20,"yucky"
2032-01-21,"spivs"
2032-01-22,"cress"
2032-01-23,"gotta"
2032-01-24,"enter"
2032-01-25,"cuter"
2032-01-26,"expel"
2032-01-27,"hazed"
2032-01-28,"riced"
2032-01-29,"kneel"
2032-01-30,"nails"
2032-01-31,"typed"
2032-02-01,"shard"
2032-02-02,"scary"
2032-02-03,"upper"
2032-02-04,"gives"
2032-02-05,"sharp"
2032-02-06,"erase"
2032-02-07,"axing"
2032-02-08,"biers"
2032-02-09,"treks"
2032-02-10,"inept"
2032-02-11,"slags"
2032-02-12,"stunt"
2032-02-13,"nimbi"
2032-02-14,"stock"
2032-02-15,"piece"
2032-02-16,"asses"
2032-02-17,"beats"
2032-02-18,"pints"
2032-02-19,"bumps"
2032-02-20,"emote"
2032-02-21,"johns"
2032-02-22,"bulgy"
2032-02-23,"rapid"
2032-02-24,"liars"
2032-02-25,"ukase"
2032-02-26,"paged"
2032-02-27,"tamed"
2032-02-28,"plash"
2032-02-29,"slims"
2032-03-01,"maybe"
2032-03-02,"thews"
2032-03-03,"trash"
2032-03-04,"brine"
2032-03-05,"cores"
2032-03-06,"fazes"
2032-03-07,"grade"
2032-03-08,"retro"
2032-03-09,"hover"
2032-03-10,"tying"
2032-03-11,"dykes"
2032-03-12,"scald"
2032-03-13,"forms"
2032-03-14,"talon"
2032-03-15,"jambs"
2032-03-16,"clued"
2032-03-17,"saves"
2032-03-18,"niece"
2032-03-19,"aloes"
2032-03-20,"godly"
2032-03-21,"tries"
2032-03-22,"hawks"
2032-03-23,"shims"
2032-03-24,"dupes"
2032-03-25,"hulas"
2032-03-26,"reels"
2032-03-27,"wreck"
2032-03-28,"veeps"
2032-03-29,"dryad"
2032-03-30,"mills"
2032-03-31,"codes"
2032-04-01,"augur"
2032-04-02,"gibes"
2032-04-03,"flips"
2032-04-04,"melts"
2032-04-05,"plunk"
2032-04-06,"horns"
2032-04-07,"rewed"
2032-04-08,"groan"
2032-04-09,"turbo"
2032-04-10,"gable"
2032-04-11,"seats"
2032-04-12,"larva"
2032-04-13,"grebe"
2032-04-14,"regal"
2032-04-15,"super"
2032-04-16,"rains"
2032-04-17,"turds"
2032-04-18,"frill"
2032-04-19,"train"
2032-04-20,"raves"
2032-04-21,"aorta"
2032-04-22,"riper"
2032-04-23,"woozy"
2032-04-24,"asset"
2032-04-25,"unfit"
2032-04-26,"treys"
2032-04-27,"cheat"
2032-04-28,"sugar"
2032-04-29,"sonic"
2032-04-30,"vodka"
2032-05-01,"moper"
2032-05-02,"wised"
2032-05-03,"drays"
2032-05-04,"yowls"
2032-05-05,"mayor"
2032-05-06,"moist"
2032-05-07,"foams"
2032-05-08,"monad"
2032-05-09,"bushy"
2032-05-10,"lamps"
2032-05-11,"aging"
2032-05-12,"rials"
2032-05-13,"nohow"
2032-05-14,"kited"
2032-05-15,"spurn"
2032-05-16,"runty"
2032-05-17,"piney"
2032-05-18,"knoll"
2032-05-19,"yolks"
2032-05-20,"feces"
2032-05-21,"ankhs"
2032-05-22,"frizz"
2032-05-23,"dumps"
2032-05-24,"loons"
2032-05-25,"rungs"
2032-05-26,"whets"
2032-05-27,"bunco"
2032-05-28,"mowed"
2032-05-29,"trust"
2032-05-30,"rarer"
2032-05-31,"atone"
2032-06-01,"smote"
2032-06-02,"romps"
2032-06-03,"meany"
2032-06-04,"dazed"
2032-06-05,"tense"
2032-06-06,"rodeo"
2032-06-07,"burro"
2032-06-08,"muter"
2032-06-09,"spend"
2032-06-10,"seeps"
2032-06-11,"lamas"
2032-06-12,"lathe"
2032-06-13,"pales"
2032-06-14,"skulk"
2032-06-15,"darts"
2032-06-16,"bides"
2032-06-17,"hills"
2032-06-18,"quads"
2032-06-19,"blurs"
2032-06-20,"munch"
2032-06-21,"jumps"
2032-06-22,"crone"
2032-06-23,"conic"
2032-06-24,"noels"
2032-06-25,"clans"
2032-06-26,"cross"
2032-06-27,"okras"
2032-06-28,"arson"
2032-06-29,"mussy"
2032-06-30,"peony"
2032-07-01,"runts"
2032-07-02,"nulls"
2032-07-03,"fling"
2032-07-04,"harps"
2032-07-05,"cliff"
2032-07-06,"novel"
2032-07-07,"nurse"
2032-07-08,"nixes"
2032-07-09,"arose"
2032-07-10,"arise"
2032-07-11,"unset"
2032-07-12,"fails"
2032-07-13,"deuce"
2032-07-14,"coats"
2032-07-15,"shaft"
2032-07-16,"crock"
2032-07-17,"grits"
2032-07-18,"tacit"
2032-07-19,"creep"
2032-07-20,"pulps"
2032-07-21,"rigid"
2032-07-22,"scold"
2032-07-23,"brace"
2032-07-24,"ethos"
2032-07-25,"wraps"
2032-07-26,"pleas"
2032-07-27,"grief"
2032-07-28,"soles"
2032-07-29,"fanny"
2032-07-30,"tiara"
2032-07-31,"lasso"
2032-08-01,"aisle"
2032-08-02,"reals"
2032-08-03,"boron"
2032-08-04,"belie"
2032-08-05,"wheal"
2032-08-06,"ricer"
2032-08-07,"nobly"
2032-08-08,"bough"
2032-08-09,"wages"
2032-08-10,"odors"
2032-08-11,"trace"
2032-08-12,"roans"
2032-08-13,"pukka"
2032-08-14,"meats"
2032-08-15,"vexes"
2032-08-16,"atoll"
2032-08-17,"grids"
2032-08-18,"velds"
2032-08-19,"jammy"
2032-08-20,"idiot"
2032-08-21,"decor"
2032-08-22,"muddy"
2032-08-23,"deans"
2032-08-24,"amuse"
2032-08-25,"crook"
2032-08-26,"manta"
2032-08-27,"dread"
2032-08-28,"prosy"
2032-08-29,"canoe"
2032-08-30,"biked"
2032-08-31,"fault"
2032-09-01,"gnaws"
2032-09-02,"gamut"
2032-09-03,"clasp"
2032-09-04,"chimp"
2032-09-05,"locks"
2032-09-06,"sneak"
2032-09-07,"known"
2032-09-08,"foxes"
2032-09-09,"ester"
2032-09-10,"osier"
2032-09-11,"pants"
2032-09-12,"sands"
2032-09-13,"fewer"
2032-09-14,"speck"
2032-09-15,"eaves"
2032-09-16,"lands"
2032-09-17,"dials"
2032-09-18,"quoth"
2032-09-19,"tonic"
2032-09-20,"meows"
2032-09-21,"stage"
2032-09-22,"dived"
2032-09-23,"giddy"
2032-09-24,"niter"
2032-09-25,"finer"
2032-09-26,"peace"
2032-09-27,"ruled"
2032-09-28,"aphid"
2032-09-29,"feast"
2032-09-30,"huger"
2032-10-01,"dates"
2032-10-02,"place"
2032-10-03,"shuts"
2032-10-04,"gulps"
2032-10-05,"crimp"
2032-10-06,"avail"
2032-10-07,"spars"
2032-10-08,"metes"
2032-10-09,"ingot"
2032-10-10,"drips"
2032-10-11,"infra"
2032-10-12,"hatch"
2032-10-13,"limns"
2032-10-14,"taxon"
2032-10-15,"types"
2032-10-16,"duffs"
2032-10-17,"pubes"
2032-10-18,"licit"
2032-10-19,"micro"
2032-10-20,"rowed"
2032-10-21,"whiff"
2032-10-22,"bolas"
2032-10-23,"expos"
2032-10-24,"slush"
2032-10-25,"kapok"
2032-10-26,"tings"
2032-10-27,"masks"
2032-10-28,"aloud"
2032-10-29,"serve"
2032-10-30,"opens"
2032-10-31,"alive"
2032-11-01,"latex"
2032-11-02,"tithe"
2032-11-03,"tames"
2032-11-04,"verse"
2032-11-05,"gulls"
2032-11-06,"sport"
2032-11-07,"taper"
2032-11-08,"torch"
2032-11-09,"outer"
2032-11-10,"maims"
2032-11-11,"emirs"
2032-11-12,"tepid"
2032-11-13,"wafts"
2032-11-14,"conga"
2032-11-15,"ether"
2032-11-16,"coned"
2032-11-17,"jolly"
2032-11-18,"nappy"
2032-11-19,"beryl"
2032-11-20,"drake"
2032-11-21,"pussy"
2032-11-22,"capon"
2032-11-23,"stork"
2032-11-24,"creak"
2032-11-25,"shuck"
2032-11-26,"batik"
2032-11-27,"dozes"
2032-11-28,"money"
2032-11-29,"glads"
2032-11-30,"truck"
2032-12-01,"curry"
2032-12-02,"obese"
2032-12-03,"dicey"
2032-12-04,"flays"
2032-12-05,"wades"
2032-12-06,"woody"
2032-12-07,"blade"
2032-12-08,"prime"
2032-12-09,"shave"
2032-12-10,"pacts"
2032-12-11,"slams"
2032-12-12,"folic"
2032-12-13,"notes"
2032-12-14,"mires"
2032-12-15,"lilts"
2032-12-16,"viper"
2032-12-17,"recur"
2032-12-18,"crash"
2032-12-19,"emcee"
2032-12-20,"hokey"
2032-12-21,"knell"
2032-12-22,"gaped"
2032-12-23,"vista"
2032-12-24,"argot"
2032-12-25,"zappy"
2032-12-26,"deems"
2032-12-27,"totem"
2032-12-28,"badge"
2032-12-29,"zests"
2032-12-30,"jails"
2032-12-31,"finch"
2033-01-01,"seams"
2033-01-02,"cacao"
2033-01-03,"matte"
2033-01-04,"gazer"
2033-01-05,"legit"
2033-01-06,"baler"
2033-01-07,"chill"
2033-01-08,"gloat"
2033-01-09,"kudos"
2033-01-10,"cocci"
2033-01-11,"beaut"
2033-01-12,"iotas"
2033-01-13,"gnarl"
2033-01-14,"books"
2033-01-15,"popes"
2033-01-16,"swirl"
2033-01-17,"heath"
2033-01-18,"miner"
2033-01-19,"groin"
2033-01-20,"waked"
2033-01-21,"gulag"
2033-01-22,"embed"
2033-01-23,"seals"
2033-01-24,"bungs"
2033-01-25,"piano"
2033-01-26,"tulip"
2033-01-27,"halls"
2033-01-28,"moray"
2033-01-29,"chats"
2033-01-30,"roger"
2033-01-31,"jiffy"
2033-02-01,"guppy"
2033-02-02,"mined"
2033-02-03,"toxin"
2033-02-04,"slope"
2033-02-05,"skies"
2033-02-06,"waded"
2033-02-07,"doffs"
2033-02-08,"sails"
2033-02-09,"corps"
2033-02-10,"lusts"
2033-02-11,"point"
2033-02-12,"texts"
2033-02-13,"fjord"
2033-02-14,"lobed"
2033-02-15,"price"
2033-02-16,"sleek"
2033-02-17,"tours"
2033-02-18,"sebum"
2033-02-19,"roofs"
2033-02-20,"stoup"
2033-02-21,"raver"
2033-02-22,"sixth"
2033-02-23,"needy"
2033-02-24,"widow"
2033-02-25,"axons"
2033-02-26,"props"
2033-02-27,"fully"
2033-02-28,"rayon"
2033-03-01,"juice"
2033-03-02,"guilt"
2033-03-03,"banns"
2033-03-04,"welts"
2033-03-05,"posit"
2033-03-06,"comma"
2033-03-07,"array"
2033-03-08,"bulbs"
2033-03-09,"furry"
2033-03-10,"clean"
2033-03-11,"skews"
2033-03-12,"bland"
2033-03-13,"expat"
2033-03-14,"ended"
2033-03-15,"gazes"
2033-03-16,"dales"
2033-03-17,"furze"
2033-03-18,"bound"
2033-03-19,"tacos"
2033-03-20,"buoys"
2033-03-21,"sieve"
2033-03-22,"gummy"
2033-03-23,"zesty"
2033-03-24,"highs"
2033-03-25,"mixed"
2033-03-26,"gayer"
2033-03-27,"swoon"
2033-03-28,"angst"
2033-03-29,"nomad"
2033-03-30,"usual"
2033-03-31,"plugs"
2033-04-01,"hewed"
2033-04-02,"limbo"
2033-04-03,"faked"
2033-04-04,"fence"
2033-04-05,"grips"
2033-04-06,"ruins"
2033-04-07,"abase"
2033-04-08,"palsy"
2033-04-09,"purls"
2033-04-10,"irate"
2033-04-11,"booth"
2033-04-12,"sited"
2033-04-13,"eager"
2033-04-14,"dowdy"
2033-04-15,"dhows"
2033-04-16,"merry"
2033-04-17,"float"
2033-04-18,"lawns"
2033-04-19,"grime"
2033-04-20,"voice"
2033-04-21,"mites"
2033-04-22,"arias"
2033-04-23,"spice"
2033-04-24,"brier"
2033-04-25,"canes"
2033-04-26,"curio"
2033-04-27,"boors"
2033-04-28,"flats"
2033-04-29,"hardy"
2033-04-30,"mason"
2033-05-01,"crest"
2033-05-02,"arras"
2033-05-03,"vireo"
2033-05-04,"gooks"
2033-05-05,"cysts"
2033-05-06,"droid"
2033-05-07,"jeeps"
2033-05-08,"snarf"
2033-05-09,"sassy"
2033-05-10,"doves"
2033-05-11,"loots"
2033-05-12,"shrub"
2033-05-13,"bikes"
2033-05-14,"layer"
2033-05-15,"waste"
2033-05-16,"haply"
2033-05-17,"grind"
2033-05-18,"pored"
2033-05-19,"gills"
2033-05-20,"hokum"
2033-05-21,"sunup"
2033-05-22,"mousy"
2033-05-23,"plats"
2033-05-24,"kudzu"
2033-05-25,"fiefs"
2033-05-26,"guess"
2033-05-27,"graft"
2033-05-28,"stink"
2033-05-29,"jerky"
2033-05-30,"fryer"
2033-05-31,"labor"
2033-06-01,"desks"
2033-06-02,"miser"
2033-06-03,"talky"
2033-06-04,"elite"
2033-06-05,"biter"
2033-06-06,"names"
2033-06-07,"piers"
2033-06-08,"riled"
2033-06-09,"ileum"
2033-06-10,"laden"
2033-06-11,"fires"
2033-06-12,"torso"
2033-06-13,"rives"
2033-06-14,"spoor"
2033-06-15,"power"
2033-06-16,"yodel"
2033-06-17,"dross"
2033-06-18,"togas"
2033-06-19,"sheds"
2033-06-20,"sissy"
2033-06-21,"valet"
2033-06-22,"spree"
2033-06-23,"chase"
2033-06-24,"wooed"
2033-06-25,"infix"
2033-06-26,"aroma"
2033-06-27,"cants"
2033-06-28,"bayou"
2033-06-29,"czars"
2033-06-30,"tiers"
2033-07-01,"pitch"
2033-07-02,"carts"
2033-07-03,"rusts"
2033-07-04,"upend"
2033-07-05,"saxes"
2033-07-06,"maple"
2033-07-07,"gleam"
2033-07-08,"disco"
2033-07-09,"dames"
2033-07-10,"rotor"
2033-07-11,"comes"
2033-07-12,"quiet"
2033-07-13,"flack"
2033-07-14,"delay"
2033-07-15,"harms"
2033-07-16,"lurks"
2033-07-17,"loves"
2033-07-18,"inner"
2033-07-19,"glean"
2033-07-20,"baled"
2033-07-21,"crows"
2033-07-22,"shall"
2033-07-23,"cases"
2033-07-24,"stoke"
2033-07-25,"dotes"
2033-07-26,"gutsy"
2033-07-27,"hours"
2033-07-28,"bagel"
2033-07-29,"chief"
2033-07-30,"fusee"
2033-07-31,"chair"
2033-08-01,"lower"
2033-08-02,"biker"
2033-08-03,"befog"
2033-08-04,"muses"
2033-08-05,"abyss"
2033-08-06,"class"
2033-08-07,"spore"
2033-08-08,"vibes"
2033-08-09,"stets"
2033-08-10,"toxic"
2033-08-11,"silos"
2033-08-12,"rugby"
2033-08-13,"trios"
2033-08-14,"weeny"
2033-08-15,"voila"
2033-08-16,"slabs"
2033-08-17,"pecks"
2033-08-18,"whens"
2033-08-19,"sagas"
2033-08-20,"techs"
2033-08-21,"draws"
2033-08-22,"lover"
2033-08-23,"knave"
2033-08-24,"puffy"
2033-08-25,"unify"
2033-08-26,"weigh"
2033-08-27,"frail"
2033-08-28,"gapes"
2033-08-29,"ebony"
2033-08-30,"bigot"
2033-08-31,"group"
2033-09-01,"doter"
2033-09-02,"splay"
2033-09-03,"faint"
2033-09-04,"argon"
2033-09-05,"oakum"
2033-09-06,"midst"
2033-09-07,"tutti"
2033-09-08,"glare"
2033-09-09,"iambs"
2033-09-10,"greed"
2033-09-11,"meals"
2033-09-12,"idles"
2033-09-13,"couch"
2033-09-14,"dents"
2033-09-15,"spire"
2033-09-16,"fable"
2033-09-17,"douse"
2033-09-18,"goths"
2033-09-19,"olive"
2033-09-20,"zetas"
2033-09-21,"dregs"
2033-09-22,"alley"
2033-09-23,"gates"
2033-09-24,"drawn"
2033-09-25,"raced"
2033-09-26,"warms"
2033-09-27,"croak"
2033-09-28,"dowry"
2033-09-29,"punks"
2033-09-30,"oases"
2033-10-01,"baldy"
2033-10-02,"grimy"
2033-10-03,"sheaf"
2033-10-04,"bleat"
2033-10-05,"gimpy"
2033-10-06,"relax"
2033-10-07,"music"
2033-10-08,"wrack"
2033-10-09,"epoch"
2033-10-10,"offed"
2033-10-11,"cared"
2033-10-12,"goers"
2033-10-13,"exact"
2033-10-14,"twits"
2033-10-15,"trend"
2033-10-16,"shiny"
2033-10-17,"undue"
2033-10-18,"thunk"
2033-10-19,"flied"
2033-10-20,"steel"
2033-10-21,"knots"
2033-10-22,"specs"
2033-10-23,"salsa"
2033-10-24,"horny"
2033-10-25,"pylon"
2033-10-26,"baron"
2033-10-27,"bents"
2033-10-28,"arbor"
2033-10-29,"punts"
2033-10-30,"paved"
2033-10-31,"dared"
2033-11-01,"hoped"
2033-11-02,"quips"
2033-11-03,"hikes"
2033-11-04,"taste"
2033-11-05,"ogler"
2033-11-06,"shone"
2033-11-07,"vitae"
2033-11-08,"hurls"
2033-11-09,"stark"
2033-11-10,"tough"
2033-11-11,"voter"
2033-11-12,"daily"
2033-11-13,"blend"
2033-11-14,"vines"
2033-11-15,"docks"
2033-11-16,"etude"
2033-11-17,"retry"
2033-11-18,"paper"
2033-11-19,"scaly"
2033-11-20,"brown"
2033-11-21,"duper"
2033-11-22,"stems"
2033-11-23,"slack"
2033-11-24,"sting"
2033-11-25,"stagy"
2033-11-26,"scads"
2033-11-27,"lanai"
2033-11-28,"fiche"
2033-11-29,"route"
2033-11-30,"whose"
2033-12-01,"bilge"
2033-12-02,"rolls"
2033-12-03,"photo"
2033-12-04,"voids"
2033-12-05,"mimes"
2033-12-06,"clogs"
2033-12-07,"clams"
2033-12-08,"eerie"
2033-12-09,"teals"
2033-12-10,"hosed"
2033-12-11,"asked"
2033-12-12,"spicy"
2033-12-13,"staff"
2033-12-14,"mayst"
2033-12-15,"intro"
2033-12-16,"havoc"
2033-12-17,"boobs"
2033-12-18,"scant"
2033-12-19,"windy"
2033-12-20,"ninja"
2033-12-21,"loins"
2033-12-22,"slops"
2033-12-23,"deeps"
2033-12-24,"quail"
2033-12-25,"chums"
2033-12-26,"artsy"
2033-12-27,"dowel"
2033-12-28,"jihad"
2033-12-29,"chick"
2033-12-30,"domes"
2033-12-31,"palms"
2034-01-01,"tally"
2034-01-02,"sleep"
2034-01-03,"ticks"
2034-01-04,"gushy"
2034-01-05,"stank"
2034-01-06,"reeds"
2034-01-07,"mocha"
2034-01-08,"crops"
2034-01-09,"moire"
2034-01-10,"timid"
2034-01-11,"bawdy"
2034-01-12,"snide"
2034-01-13,"cadet"
2034-01-14,"kaput"
2034-01-15,"snaps"
2034-01-16,"jewel"
2034-01-17,"whips"
2034-01-18,"bison"
2034-01-19,"eases"
2034-01-20,"clerk"
2034-01-21,"grubs"
2034-01-22,"porky"
2034-01-23,"blats"
2034-01-24,"opine"
2034-01-25,"after"
2034-01-26,"mates"
2034-01-27,"greet"
2034-01-28,"wacko"
2034-01-29,"leafy"
2034-01-30,"umbra"
2034-01-31,"cadre"
2034-02-01,"raved"
2034-02-02,"blabs"
2034-02-03,"picot"
2034-02-04,"brink"
2034-02-05,"lunch"
2034-02-06,"gonzo"
2034-02-07,"swamp"
2034-02-08,"hertz"
2034-02-09,"beige"
2034-02-10,"scabs"
2034-02-11,"caves"
2034-02-12,"hanks"
2034-02-13,"touch"
2034-02-14,"lased"
2034-02-15,"dummy"
2034-02-16,"shins"
2034-02-17,"slews"
2034-02-18,"femur"
2034-02-19,"river"
2034-02-20,"syncs"
2034-02-21,"rubes"
2034-02-22,"again"
2034-02-23,"macro"
2034-02-24,"maker"
2034-02-25,"drone"
2034-02-26,"treed"
2034-02-27,"frost"
2034-02-28,"okapi"
2034-03-01,"pique"
2034-03-02,"motto"
2034-03-03,"apish"
2034-03-04,"hives"
2034-03-05,"grate"
2034-03-06,"pails"
2034-03-07,"clunk"
2034-03-08,"pools"
2034-03-09,"nanny"
2034-03-10,"wands"
2034-03-11,"ready"
2034-03-12,"avast"
2034-03-13,"flora"
2034-03-14,"buddy"
2034-03-15,"cabin"
2034-03-16,"dated"
2034-03-17,"users"
2034-03-18,"pipes"
2034-03-19,"stash"
2034-03-20,"risky"
2034-03-21,"folds"
2034-03-22,"ruble"
2034-03-23,"endue"
2034-03-24,"rails"
2034-03-25,"dazes"
2034-03-26,"mucks"
2034-03-27,"numbs"
2034-03-28,"spasm"
2034-03-29,"vents"
2034-03-30,"stool"
2034-03-31,"awoke"
2034-04-01,"rumps"
2034-04-02,"mooch"
2034-04-03,"copes"
2034-04-04,"whelk"
2034-04-05,"pupal"
2034-04-06,"fills"
2034-04-07,"doges"
2034-04-08,"zippy"
2034-04-09,"ethic"
2034-04-10,"title"
2034-04-11,"fever"
2034-04-12,"lisps"
2034-04-13,"tubed"
2034-04-14,"wagon"
2034-04-15,"soaks"
2034-04-16,"roots"
2034-04-17,"erred"
2034-04-18,"sizes"
2034-04-19,"labia"
2034-04-20,"brash"
2034-04-21,"buxom"
2034-04-22,"aides"
2034-04-23,"spays"
2034-04-24,"spank"
2034-04-25,"sorry"
2034-04-26,"schmo"
2034-04-27,"debit"
2034-04-28,"fussy"
2034-04-29,"leans"
2034-04-30,"tufts"
2034-05-01,"saith"
2034-05-02,"epees"
2034-05-03,"rajah"
2034-05-04,"vapor"
2034-05-05,"niche"
2034-05-06,"leper"
2034-05-07,"joked"
2034-05-08,"minds"
2034-05-09,"downs"
2034-05-10,"watch"
2034-05-11,"feels"
2034-05-12,"tided"
2034-05-13,"assay"
2034-05-14,"prose"
2034-05-15,"molls"
2034-05-16,"plebs"
2034-05-17,"anent"
2034-05-18,"coast"
2034-05-19,"limit"
2034-05-20,"nexus"
2034-05-21,"grave"
2034-05-22,"sepia"
2034-05-23,"swish"
2034-05-24,"aping"
2034-05-25,"fuels"
2034-05-26,"barer"
2034-05-27,"basal"
2034-05-28,"queen"
2034-05-29,"taint"
2034-05-30,"bugle"
2034-05-31,"modal"
2034-06-01,"weans"
2034-06-02,"yobbo"
2034-06-03,"sicko"
2034-06-04,"beads"
2034-06-05,"spied"
2034-06-06,"shear"
2034-06-07,"evoke"
2034-06-08,"fasts"
2034-06-09,"glove"
2034-06-10,"chive"
2034-06-11,"bones"
2034-06-12,"dices"
2034-06-13,"goner"
2034-06-14,"obeys"
2034-06-15,"morel"
2034-06-16,"worth"
2034-06-17,"moldy"
2034-06-18,"stick"
2034-06-19,"washy"
2034-06-20,"pangs"
2034-06-21,"bench"
2034-06-22,"youth"
2034-06-23,"quirk"
2034-06-24,"wrens"
2034-06-25,"adobe"
2034-06-26,"beast"
2034-06-27,"disks"
2034-06-28,"runic"
2034-06-29,"liens"
2034-06-30,"steep"
2034-07-01,"gluon"
2034-07-02,"psych"
2034-07-03,"foals"
2034-07-04,"chefs"
2034-07-05,"dicks"
2034-07-06,"girts"
2034-07-07,"solos"
2034-07-08,"candy"
2034-07-09,"rocky"
2034-07-10,"choir"
2034-07-11,"kicks"
2034-07-12,"shier"
2034-07-13,"speed"
2034-07-14,"ogres"
2034-07-15,"gouge"
2034-07-16,"mints"
2034-07-17,"vigor"
2034-07-18,"junco"
2034-07-19,"ozone"
2034-07-20,"malls"
2034-07-21,"fetal"
2034-07-22,"saner"
2034-07-23,"flesh"
2034-07-24,"foots"
2034-07-25,"tarps"
2034-07-26,"primp"
2034-07-27,"noway"
2034-07-28,"burly"
2034-07-29,"terry"
2034-07-30,"pends"
2034-07-31,"naves"
2034-08-01,"whirl"
2034-08-02,"falls"
2034-08-03,"reins"
2034-08-04,"pumps"
2034-08-05,"stair"
2034-08-06,"deign"
2034-08-07,"husky"
2034-08-08,"realm"
2034-08-09,"rosin"
2034-08-10,"flees"
2034-08-11,"kepis"
2034-08-12,"untie"
2034-08-13,"overs"
2034-08-14,"fifth"
2034-08-15,"hyena"
2034-08-16,"scram"
2034-08-17,"soppy"
2034-08-18,"bebop"
2034-08-19,"shews"
2034-08-20,"jelly"
2034-08-21,"crisp"
2034-08-22,"slice"
2034-08-23,"roles"
2034-08-24,"acute"
2034-08-25,"sleet"
2034-08-26,"hoard"
2034-08-27,"darns"
2034-08-28,"cubes"
2034-08-29,"links"
2034-08-30,"lived"
2034-08-31,"groom"
2034-09-01,"hazes"
2034-09-02,"natal"
2034-09-03,"droop"
2034-09-04,"swipe"
2034-09-05,"minim"
2034-09-06,"petty"
2034-09-07,"snags"
2034-09-08,"sally"
2034-09-09,"downy"
2034-09-10,"girls"
2034-09-11,"sward"
2034-09-12,"faced"
2034-09-13,"haled"
2034-09-14,"feats"
2034-09-15,"croon"
2034-09-16,"inter"
2034-09-17,"drams"
2034-09-18,"retch"
2034-09-19,"takes"
2034-09-20,"meets"
2034-09-21,"gruel"
2034-09-22,"repel"
2034-09-23,"corny"
2034-09-24,"slave"
2034-09-25,"drove"
2034-09-26,"ankle"
2034-09-27,"usury"
2034-09-28,"extol"
2034-09-29,"sheer"
2034-09-30,"repay"
2034-10-01,"gifts"
2034-10-02,"chard"
2034-10-03,"muted"
2034-10-04,"carps"
2034-10-05,"serfs"
2034-10-06,"surly"
2034-10-07,"sidle"
2034-10-08,"acres"
2034-10-09,"revue"
2034-10-10,"vales"
2034-10-11,"karat"
2034-10-12,"swear"
2034-10-13,"decal"
2034-10-14,"units"
2034-10-15,"waits"
2034-10-16,"zingy"
2034-10-17,"madam"
2034-10-18,"wales"
2034-10-19,"spies"
2034-10-20,"trike"
2034-10-21,"skimp"
2034-10-22,"herds"
2034-10-23,"slier"
2034-10-24,"rinse"
2034-10-25,"humph"
2034-10-26,"hence"
2034-10-27,"mover"
2034-10-28,"hooks"
2034-10-29,"mocks"
2034-10-30,"jells"
2034-10-31,"salts"
2034-11-01,"slips"
2034-11-02,"great"
2034-11-03,"nitro"
2034-11-04,"sandy"
2034-11-05,"truth"
2034-11-06,"unary"
2034-11-07,"lotus"
2034-11-08,"verso"
2034-11-09,"dunes"
2034-11-10,"gilts"
2034-11-11,"lumps"
2034-11-12,"toted"
2034-11-13,"tryst"
2034-11-14,"vinyl"
2034-11-15,"lapin"
2034-11-16,"prior"
2034-11-17,"liver"
2034-11-18,"mango"
2034-11-19,"pupae"
2034-11-20,"harem"
2034-11-21,"magic"
2034-11-22,"mound"
2034-11-23,"quark"
2034-11-24,"vulva"
2034-11-25,"sends"
2034-11-26,"krona"
2034-11-27,"bases"
2034-11-28,"panel"
2034-11-29,"clops"
2034-11-30,"abash"
2034-12-01,"dally"
2034-12-02,"caved"
2034-12-03,"ember"
2034-12-04,"foggy"
2034-12-05,"jades"
2034-12-06,"saran"
2034-12-07,"greps"
2034-12-08,"whoso"
2034-12-09,"storm"
2034-12-10,"habit"
2034-12-11,"dogie"
2034-12-12,"pearl"
2034-12-13,"idyll"
2034-12-14,"parks"
2034-12-15,"blunt"
2034-12-16,"gabby"
2034-12-17,"bleak"
2034-12-18,"treat"
2034-12-19,"burns"
2034-12-20,"raise"
2034-12-21,"whelp"
2034-12-22,"stale"
2034-12-23,"cabby"
2034-12-24,"chews"
2034-12-25,"press"
2034-12-26,"loges"
2034-12-27,"peter"
2034-12-28,"grout"
2034-12-29,"broke"
2034-12-30,"oaths"
2034-12-31,"genie"
2035-01-01,"biddy"
2035-01-02,"condo"
2035-01-03,"shout"
2035-01-04,"locus"
2035-01-05,"avows"
2035-01-06,"tubas"
2035-01-07,"plows"
2035-01-08,"clamp"
2035-01-09,"lanes"
2035-01-10,"heist"
2035-01-11,"cargo"
2035-01-12,"isles"
2035-01-13,"boils"
2035-01-14,"input"
2035-01-15,"ought"
2035-01-16,"tines"
2035-01-17,"booms"
2035-01-18,"churn"
2035-01-19,"faith"
2035-01-20,"creed"
2035-01-21,"abuts"
2035-01-22,"guise"
2035-01-23,"blown"
2035-01-24,"spume"
2035-01-25,"weals"
2035-01-26,"phone"
2035-01-27,"noses"
2035-01-28,"caped"
2035-01-29,"print"
2035-01-30,"blocs"
2035-01-31,"nutty"
2035-02-01,"caste"
2035-02-02,"flies"
2035-02-03,"veils"
2035-02-04,"mouse"
2035-02-05,"balks"
2035-02-06,"jumpy"
2035-02-07,"wimps"
2035-02-08,"wound"
2035-02-09,"seedy"
2035-02-10,"bowel"
2035-02-11,"quint"
2035-02-12,"grain"
2035-02-13,"vaunt"
2035-02-14,"seamy"
2035-02-15,"caret"
2035-02-16,"tatty"
2035-02-17,"upped"
2035-02-18,"coped"
2035-02-19,"angel"
2035-02-20,"snots"
2035-02-21,"wonks"
2035-02-22,"yawed"
2035-02-23,"carol"
2035-02-24,"piped"
2035-02-25,"letup"
2035-02-26,"clomp"
2035-02-27,"risen"
2035-02-28,"wryly"
2035-03-01,"tarot"
2035-03-02,"putty"
2035-03-03,"fairy"
2035-03-04,"divan"
2035-03-05,"cameo"
2035-03-06,"lofty"
2035-03-07,"gurus"
